Type,Component,Count,Author,Third Party,Tests
plugins,.idea,4,,1,
plugins,akismet,85,Automattic,1,
plugins,backwpup,16,Inpsyde GmbH,1,
plugins,bbpress,7,The bbPress Community,1,
plugins,bowe-codes,1,imath,1,
plugins,buddypress,6,,1,
plugins,cookie-cat,46,bobbingwide,,1
plugins,debug-bar,5,wordpressdotorg,1,
plugins,developer,1,Automattic,1,
plugins,distributor,2,Taylor Lovett 10up,1,1
plugins,drafts-for-friends,3,bobbingwide,1,
plugins,easy-digital-downloads,10,Pippin Williamson and Company,,1
plugins,easy-fancybox,1,RavanH,1,
plugins,easy-pricing-tables,1,,1,
plugins,fancy-box,1,,1,
plugins,fancybox-for-wordpress,1,,1,
plugins,feedwordpress,1,Charles Johnson,1,
plugins,genesis-beta-tester,1,Nathan Rice,1,
plugins,genesis-variable-footer-widgets,1,,1,
plugins,github-release-downloads,1,Ivan Ridao Freitas,1,
plugins,log-deprecated-notices,2,Andrew Nacin,1,
plugins,membership,6,Barry (Incsub) Cole (Incsub),1,
plugins,oik,87,bobbingwide,,1
plugins,oik-batch,31,bobbingwide,,1
plugins,oik-batchmove,19,bobbingwide,,
plugins,oik-bob-bing-wide,42,bobbingwide,,1
plugins,oik-bob-bing-wide-1.21,1,,1,
plugins,oik-bp-signup-email,5,bobbingwide,1,
plugins,oik-bwtrace,63,bobbingwide,,1
plugins,oik-clone,21,bobbingwide,,
plugins,oik-debug-filters,14,bobbingwide,1,
plugins,oik-email-signature,17,bobbingwide,1,
plugins,oik-fields,54,bobbingwide,,
plugins,oik-fields-1.36,1,,1,
plugins,oik-nivo-slider,42,bobbingwide,,
plugins,oik-plugins,17,bobbingwide,,
plugins,oik-privacy-policy,53,bobbingwide,,
plugins,oik-sc-help,20,bobbingwide,,1
plugins,oik-sc-help-1.9,1,,1,
plugins,oik-shortcodes,17,bobbingwide,,
plugins,oik-sites,6,bobbingwide,,
plugins,oik-types,37,bobbingwide,,
plugins,popdom-themes-backup,1,,1,
plugins,popup-domination,2,PopUp Domination Team,1,
plugins,query-monitor,6,John Blackbourn,1,1
plugins,rfi,3,bobbingwide,1,
plugins,schunter,7,bobbingwide,,
plugins,setup,20,bobbingwide,1,
plugins,sg-cachepress,3,SiteGround,1,
plugins,shortcake-ui-demo,1,Mte90,1,
plugins,si-captcha-for-wordpress,11,,1,
plugins,toolbar-theme-switcher,1,Andrey Rarst Savchenko,1,
plugins,trac29608,5,bobbingwide,,
plugins,u-buddypress-forum-editor,1,,1,
plugins,visualizer,1,,1,
plugins,woocommerce,22,Automattic,,
plugins,wordpress-importer,27,wordpressdotorg,1,
plugins,wordpress-seo,66,,1,
plugins,wp-charts,2,,1,
plugins,WP-DraftsForFriends,2,Lester 'GaMerZ' Chan,1,
plugins,wp-mail-smtp,4,,1,
plugins,wp-spamfree,2,WP-SpamFree,1,
plugins,wp-top12,5,,,1
plugins,wpmudev-updates,6,,1,
plugins,add-to-any,9,micropat,1,
plugins,all-in-one-seo-pack,12,,1,
plugins,download-monitor,2,Mike Jolley,1,
plugins,download-monitor-saved,1,,1,
plugins,easy-digital-downloads-free-download,1,,1,
plugins,extended-page-lists,6,grandslambert,1,
plugins,featured-image-widget,13,,1,
plugins,google-analytics-for-wordpress,46,,1,
plugins,google-sitemap-generator,15,,1,
plugins,import-users-from-csv,4,Ulrich Sossou,1,
plugins,ltw-testimonials,11,LessThanWeb,1,
plugins,obsafe_print_r,5,bobbingwide vsgloik,1,
plugins,oik-fum,15,bobbingwide,,
plugins,pc-searchengine-verify,11,Peter Coughlin,1,
plugins,sexybookmarks,8,,1,
plugins,sharebar,3,Monjurul Dolon,1,
plugins,si-contact-form,15,Mike Challis Ken Carlson,1,
plugins,the-events-calendar,8,Modern Tribe Inc.,1,
plugins,updraftplus,3,UpdraftPlus.Com DavidAnderson,1,
plugins,allow-reinstalls,17,bobbingwide,,1
plugins,backupwordpress,30,Human Made Limited,1,
plugins,contact-form-7,6,,1,
plugins,fusion-builder,3,ThemeFusion,1,
plugins,fusion-core,3,ThemeFusion,1,
plugins,jetpack,41,Automattic,,
plugins,LayerSlider,1,Kreatura Media,1,
plugins,media-file-renamer,5,Jordy Meow,1,
plugins,oik-css,40,bobbingwide,,1
plugins,oik-css-pregit,2,,1,
plugins,oik-rwd,37,bobbingwide,,
plugins,oik-window-width,11,bobbingwide,,
plugins,post-type-switcher,16,John James Jacoby,1,
plugins,revslider,3,ThemePunch,1,
plugins,advanced-responsive-video-embedder,1,Nicolas Jonas,1,
plugins,mbo,2,bobbingwide,1,
plugins,oik-popup,10,bobbingwide,,
plugins,oik-rating,9,bobbingwide,1,
plugins,oik-squeeze,18,bobbingwide,,
plugins,oik-testimonials,20,bobbingwide,,
plugins,oik-types-v1.6,1,,1,
plugins,oik-v2.6-alpha.0525,1,,1,
plugins,oik-video,22,bobbingwide,,
plugins,promotion-slider,1,,1,
plugins,smart-google-code-inserter,1,,1,
plugins,nextgen-gallery,13,,1,
plugins,slideshow-gallery-pro,3,,1,
plugins,appointments,2,Hakan Evin,1,
plugins,contus-video-gallery,1,,1,
plugins,flagallery-skins,1,,1,
plugins,flash-album-gallery,1,,1,
plugins,image-protector,1,Hirofumi Ohta,1,
plugins,revostock-gallery,1,RevoStock,1,
plugins,sliding-youtube-gallery,1,,1,
plugins,wpcat2tag-importer,2,wordpressdotorg,1,
plugins,bigram,3,bobbingwide,,
plugins,bigram-renamed,1,,1,
plugins,d62wp,7,bobbingwide,,
plugins,frontend-uploader,1,Rinat Khaziev Daniel Bachhuber,1,
plugins,genesis-footer-widgets,10,bobbingwide,,
plugins,genesistant,15,bobbingwide,,
plugins,oik-a2z,9,bobbingwide,,1
plugins,oik-ajax,11,bobbingwide,,
plugins,oik-media,5,bobbingwide,,
plugins,rest-api,2,,1,
plugins,simple-facebook-connect,6,,1,
plugins,simple-twitter-connect,6,,1,
plugins,widget-wrangler,7,Jonathan Daggerhart,1,
plugins,wpautoembed,2,Corey Wilson Jason Hines Christopher John Jackson,1,
plugins,genesis-responsive-slider,1,StudioPress,1,
plugins,image-carousel,1,GhozyLab Inc.,1,
plugins,wonderplugin-carousel,1,,1,
plugins,wonderplugin-carousel-9.8,1,,1,
plugins,bw-types,3,bobbingwide,1,
plugins,bw-types-pregit,1,,1,
plugins,genesis-connect-woocommerce,3,StudioPress,1,
plugins,greprecated,4,,,1
plugins,network-privacy,6,,1,
plugins,oik-blogger-redirect,10,bobbingwide,1,
plugins,oik-bwtrace-git,1,,1,1
plugins,oik-lib,12,bobbingwide,,
plugins,oik-ms,18,bobbingwide,,
plugins,oik-mshot,12,bobbingwide,,
plugins,oik-pregit,1,,1,
plugins,oik-theme-fields,5,bobbingwide,,
plugins,oik-themes,12,bobbingwide,,
plugins,oik-tos,2,bobbingwide,1,
plugins,uk-tides,22,bobbingwide,,
plugins,wc-call-for-price,1,,1,
plugins,woocommerce-call-for-price,1,Algoritmika Ltd,1,
plugins,woocommerce-gateway-paypal-express-checkout,2,Automattic,1,
plugins,wordpress-mu-domain-mapping-renamed,3,,1,
plugins,wp-migrate-db,7,Delicious Brains,1,
plugins,bwdesign,2,bobbingwide,,
plugins,cms-tree-page-view,5,,1,
plugins,cron-view,2,,1,
plugins,Custom-Meta-Boxes,2,,1,1
plugins,debug-bar-cron,2,Zack Tollman Helen Hou-Sandi,1,
plugins,dff,1,,1,
plugins,five-star-rating,1,Andrew Alba,1,
plugins,gallery-widget,1,,1,
plugins,hookr,1,@explodybits,1,
plugins,json-rest-api,2,,1,
plugins,oik-bob-bing-wide-1.30.2,1,,1,
plugins,oik-bwtrace.2.0.11,1,,1,
plugins,oik-fields.x,1,,1,
plugins,oik-plugin-fields,4,bobbingwide,,
plugins,oik-popup-saved,1,,1,
plugins,oik-post-type-support,11,bobbingwide,,
plugins,oik-responsive-menu,11,bobbingwide,1,
plugins,oik-shortcodes-a2z,5,bobbingwide,,1
plugins,oik-sidebar,8,bobbingwide,1,
plugins,quick-pagepost-redirect-plugin,2,,1,
plugins,redirection,10,John Godley,1,
plugins,regenerate-thumbnails,8,Alex Mills (Viper007Bond),1,
plugins,siteorigin-panels,4,SiteOrigin,1,
plugins,slideshow-gallery-2,1,,1,
plugins,stats,1,Automattic,1,
plugins,sub-page-summary,4,,1,
plugins,tinymce-advanced,5,Andrew Ozz,1,
plugins,wcs-qr-code-generator,4,WP Code Snippets (Luke America),1,
plugins,widget-importer-exporter,5,Steven Gliebe,1,
plugins,widget-output-cache,1,Kaspars Dambis,1,
plugins,wpaudio-mp3-player,10,,1,
plugins,youtube-embed-plus,1,,1,
plugins,gravityforms,12,rocketgenius,1,
plugins,portfolio-slideshow,6,Raygun,1,
plugins,underconstruction,14,Jeremy Massel,1,
plugins,custom-contact-forms,1,Taylor Lovett,1,
plugins,lightbox-plus,2,,1,
plugins,mailchimp-widget,1,James Lafferty,1,
plugins,sexybookmarks-broke,1,,1,
plugins,contact-form-manager,1,xyzscripts.com,1,
plugins,ecwid-shopping-cart,1,Ecwid Team,1,
plugins,essential-grid,1,ThemePunch,1,
plugins,exploit-scanner,1,Donncha O Caoimh,1,
plugins,js_composer,2,Michael M - WPBakery.com,1,
plugins,limit-login-attempts,3,Johan Eenfeldt,1,
plugins,mailchimp-for-wp,2,ibericode,1,
plugins,master-slider,1,averta,1,
plugins,masterslider,1,averta,1,
plugins,screets-lc,1,Screets Team,1,
plugins,Ultimate_VC_Addons,1,Brainstorm Force,1,
plugins,w3-total-cache,2,Frederick Townes,1,
plugins,wp-db-backup-made,1,,1,
plugins,wp-maintenance-mode,1,Designmodo,1,
plugins,wp-optimize,3,David Anderson Ruhani Rabin Team Updraft,1,
plugins,wp-smushit,2,,1,
plugins,wpclef,2,Clef,1,1
plugins,yith-woocommerce-wishlist,1,,1,
plugins,cookie-batch,2,,1,
plugins,cookie-category,6,bobbingwide,,
plugins,cookie-category-pregit,1,,1,
plugins,cookie-control,3,,1,
plugins,oik-bwtrace-ren,1,,1,
plugins,oik-ren,1,,1,
plugins,wp-to-twitter,5,Joseph Dolson,1,
plugins,adamrob-parallax-scroll,1,,1,
plugins,audio,5,Scott Taylor,1,
plugins,bbboing,20,bobbingwide,,
plugins,beaver-builder-lite-version,1,,1,
plugins,classic-editor,5,WordPress Contributors,1,
plugins,cookie-opt-in,1,,1,
plugins,gutenberg,6,Gutenberg Team,1,
plugins,issue-19,2,,1,
plugins,oik-a2z-pregit,1,,1,
plugins,oik-bbpress,11,bobbingwide,1,
plugins,oik-edd-but-no-edd,1,,1,
plugins,oik-external-link-warning,12,bobbingwide,,
plugins,oik-header,11,bobbingwide,1,
plugins,oik-moreoptions,9,bobbingwide,,
plugins,oik-select-menu,2,bobbingwide,1,
plugins,oik-user,18,bobbingwide,,
plugins,oik-weight-zone-shipping-pro,13,bobbingwide,,
plugins,oik-weightcountry-shipping,16,bobbingwide,,
plugins,plugin-beta-tester,2,mitcho (Michael Yoshitaka Erlewine),1,
plugins,s2member-files,4,,1,
plugins,s2member-logs,4,,1,
plugins,so-widgets-bundle,3,SiteOrigin,1,
plugins,theme-check,1,Otto42 pross,1,
plugins,simple-tweet,1,wokamoto,1,
plugins,youtube,1,Sonicity Plugins,1,
plugins,diy-oik,16,bobbingwide,,
plugins,dws,2,bobbingwide,,
plugins,go-live-update-urls,4,Mat Lipe,1,
plugins,oik-dates,10,bobbingwide,,
plugins,tags,3,bobbingwide,,
plugins,captcha,3,BestWebSoft,1,
plugins,eedge,4,,1,
plugins,epages,3,bobbingwide,1,
plugins,one-click-child-theme,1,tychay,1,
plugins,simple-image-widget,2,,1,
plugins,live-composer-page-builder,1,,1,
plugins,wordfence,6,Wordfence,1,
plugins,wp-htaccess-editor,1,Lukenzi,1,
plugins,wp-performance-score-booster,1,Dipak C. Gajjar,1,
plugins,wp-super-simple-speed,1,,1,
plugins,wpseo-local,1,,1,
plugins,image-store,1,,1,
plugins,jquery-featured-content-gallery,2,,1,
plugins,qtranslate,2,Qian Qin,1,
plugins,ga-google-analytics,1,Jeff Starr,1,
plugins,auto-listings,1,WP Auto Listings,1,
plugins,car-demon,1,CarDemons,1,
plugins,car-sales-pages,1,Jeff Bullins,1,
plugins,carousel-slider,1,Sayful Islam,1,
plugins,foogallery-owl-carousel-template,1,,1,
plugins,genesis-taxonomy-images,1,studiograsshopper themiked,1,
plugins,kiwi-logo-carousel,1,,1,
plugins,logo-carousel,1,,1,
plugins,logo-carousel-slider,1,,1,
plugins,logo-slider,1,EnigmaWeb,1,
plugins,motors-car-dealership-classified-listings,1,,1,
plugins,oik-3.0.1,1,,1,
plugins,oik-fields-pregit,1,,1,
plugins,owl-carousel,1,,1,
plugins,pl-car-dealer,1,Roberto Bruno,1,
plugins,taxonomy-images,1,Michael Fields Ben Huson,1,
plugins,wp-car-manager,1,Never5,1,
plugins,wp-carousel-free,1,ShapedPlugin,1,
plugins,wp-custom-taxonomy-meta,1,,1,
plugins,wp-term-images,1,John James Jacoby,1,
plugins,all-in-one-event-calendar,4,Time.ly Network Inc.,1,
plugins,all-in-one-event-calendar-effed,1,,1,
plugins,options-importer,4,Matthew Boynes,1,
plugins,plugin-activation-status,5,Curtiss Grymala,1,
plugins,revision-control,2,Dion Hulse,1,
plugins,sneak-peek,4,bobbingwide,1,
plugins,wordpress-mu-domain-mapping-disabled,1,,1,
plugins,wordpress-mu-domain-mapping-disabled-again,1,,1,
plugins,wordpress-popup,1,,1,
plugins,awd-weightcountry-shipping,3,,1,
plugins,feed-them-social,1,,1,
plugins,instagram-image-gallery,1,,1,
plugins,mailchimp,1,MailChimp and Crowd Favorite,1,
plugins,megamenu,1,Tom Hemsley,1,
plugins,oik-fields-renamed,2,,1,
plugins,oik-nivo-slider-renamed,1,,1,
plugins,oik-rwd-renamed,1,,1,
plugins,oik-types-renamed,1,,1,
plugins,oik-weightcountry-shipping-pro,11,bobbingwide,,
plugins,pinterest-verify,1,Phil Derksen,1,
plugins,ultimate-coming-soon-page,1,SeedProd,1,
plugins,woocommerce-colors,1,WooThemes,1,
plugins,woocommerce-product-archive-customiser,1,,1,
plugins,cart66-lite,1,,1,
plugins,meta-tag-manager,1,NetWebLogic LLC,1,
plugins,wp-simplemail,1,,1,
plugins,advanced-custom-fields,4,,1,
plugins,bainternet-posts-creation-limits,3,,1,
plugins,bulk-taxonomy-edits,1,Phil Meadows,1,
plugins,business-directory-plugin,1,D. Rodenbaugh,1,
plugins,capability-manager-enhanced,2,,1,
plugins,collapsing-categories,3,,1,
plugins,export-users-to-csv,1,Ulrich Sossou,1,
plugins,import-external-images,3,Marty Thornley,1,
plugins,oik-blogger-importer,3,,1,
plugins,oik-members,4,bobbingwide,1,
plugins,olc,4,bobbingwide,1,
plugins,olc-tweaks,2,Phil Meadows,1,
plugins,p3-profiler,3,GoDaddy.com,1,
plugins,press-permit-core,2,Agapetry Creations LLC,1,
plugins,s2member,3,s2Member / WebSharks Inc.,1,
plugins,supplier-directory,2,Phil Meadows,1,
plugins,tb-testimonials,7,Travis Ballard,1,
plugins,visual-form-builder,1,Matthew Muro,1,
plugins,wp-members,15,Chad Butler,1,
plugins,wp-pagenavi,6,Lester 'GaMerZ' Chan,1,
plugins,Akismet-v3.1.8,1,,1,
plugins,dinlo,6,bobbingwide,,1
plugins,google-analytics-for-wordpress-renamed,1,,1,
plugins,gutenberg-2.1.0,2,,1,
plugins,gutenberg-2.3.0,2,,1,
plugins,mergebot,1,Delicious Brains,1,
plugins,oik-block,4,Herb Miller,,1
plugins,oik-cons,3,bobbingwide,1,
plugins,oik-css3,2,bobbingwide,1,
plugins,oik-git-clone,1,,1,1
plugins,oik-libs,11,bobbingwide,,1
plugins,oik-read-more,10,bobbingwide,,
plugins,us-tides,11,bobbingwide,,
plugins,wordpress-beta-tester,6,,1,
plugins,wordpress-develop-tests,12,bobbingwide,,
plugins,efficient-related-posts,2,Aaron D. Campbell,1,
plugins,sociable,4,Blogplay,1,
plugins,wp-post-to-twitter,2,Glyn Mooney,1,
plugins,wp-syntax,2,Steven A. Zahm,1,
plugins,blogger-importer,3,wordpressdotorg,1,
plugins,official-statcounter-plugin-for-wordpress,2,,1,
plugins,private-buddypress,3,Dennis Morhardt,1,
plugins,wordpress-mu-domain-mapping,5,,,
plugins,localmail,2,bobbingwide,1,
plugins,acurax-social-media-widget,2,,1,
plugins,alexa-internet,2,,1,
plugins,broken-link-checker,6,Janis Elsts,1,
plugins,cookies-for-comments,2,Donncha O Caoimh,1,
plugins,custom-meta-widget,2,,1,
plugins,follow-my-blog-post,2,,1,
plugins,internal-link-manager,2,Kevin Leary,1,
plugins,powerpress,2,Blubrry,1,
plugins,searchterms-tagging-2,2,,1,
plugins,wp-statistics,2,Mostafa Soufi,1,
plugins,wysija-newsletters-norty,1,,1,
plugins,quote-rotator,1,Luke Howell,1,
plugins,oik-bwtrace-renamed,1,,1,
plugins,qtranslate-x,1,,1,
plugins,wp-seo-qtranslate-x,1,,1,
plugins,wmdum,1,,1,
plugins,calyx,1,bobbingwide,1,
plugins,get-ctrl-importer,3,bobbingwide,1,
plugins,import-users-from-csv-renamed,1,,1,
plugins,jetpack-easy-playlists,1,,1,
plugins,jetpack-extras,1,,1,
plugins,oik-bwtrace-v2.0.11,1,,1,
plugins,oik-tunes,10,bobbingwide,1,
plugins,oik-types-pregit,1,,1,
plugins,oik-weight-zone-shipping,9,bobbingwide,,1
plugins,oik-weight-zone-shipping-pro-0.1.0,1,,1,
plugins,oik-weightcountry-shipping-pro-v1.4.1,1,,1,
plugins,oik-wzs-rates,6,bobbingwide,,
plugins,really-simple-captcha,1,Takayuki Miyoshi,1,
plugins,rss-importer,1,wordpressdotorg,1,
plugins,spam-reg-check,4,,1,
plugins,user-spam-remover,1,Joel Hardi,1,
plugins,woocommerce-2.6.12,1,,1,
plugins,wordpress-mu-domain-mapping-renamed-again,1,,1,
plugins,wordpress-social-login,2,,1,1
plugins,hyperdb,1,,1,
plugins,foobar,8,bobbingwide,1,
plugins,force-regenerate-thumbnails,4,Pedro Elsner,1,
plugins,jetpack-3.9.4,2,,1,
plugins,oik-batch-renamed,2,,1,
plugins,oik-bbpress-ren,2,,1,
plugins,oik-clone-20171114,2,,1,1
plugins,oik-cookie-list,5,bobbingwide,1,
plugins,oik-css-git-clone,2,,1,1
plugins,oik-edd,6,bobbingwide,,1
plugins,oik-infusionsoft,5,bobbingwide,1,
plugins,oik-requests,5,bobbingwide,1,
plugins,oik-thugin,3,bobbingwide,1,
plugins,oik-todo,5,bobbingwide,1,
plugins,oik-widget-cache,4,bobbingwide,,
plugins,oik-working-feedback,6,bobbingwide,1,
plugins,Shortcake,3,,1,
plugins,voce-widget-cache,3,John Ciacia Mark Parolisi,1,
plugins,wp-cli,5,,1,1
plugins,wp-super-cache,6,,1,
plugins,wpdb-alt,2,bobbingwide,1,
plugins,bobbing,7,bobbingwide,,
plugins,oik-bwtrace-2.0.11,1,,1,
plugins,play,3,bobbingwide,1,1
plugins,add-paragraphs-option-to-text-widget,1,,1,
plugins,hello-dolly,5,,,
plugins,multi-site-plugins-add-new,1,,1,
plugins,multisite-cloner,3,Manuel Razzari Patricio Tarantino,1,
plugins,ns-cloner-site-copier,2,,1,
plugins,oik-batch-pregit,1,,1,
plugins,oik-presentation,6,bobbingwide,1,
plugins,oik-weight-zone-shipping-pro-v0.1.0,1,,1,
plugins,woocommerce-2.6,1,,1,
plugins,woocommerce-2.6.6,1,,1,
plugins,woocommerce-3.0,1,,1,
plugins,woocommerce-add-countries,3,Daniele De Santis,1,
plugins,Automattic-developer-57628b7,1,,1,
plugins,developer-v1.0.0,1,,1,
plugins,floating-admin-menu,1,Till Krüss,1,
plugins,html5-slideshow-presentations,1,,1,
plugins,monster-widget,1,Automattic,1,
plugins,oik-book,1,bobbingwide,1,
plugins,rewrite-rules-inspector,1,Daniel Bachhuber Automattic,1,
plugins,sitepush,1,Mark Rowatt Anderson,1,
plugins,user-switching,1,John Blackbourn,1,
plugins,vip-scanner,1,Automattic (Original code by Pross Otto42 and Thorsten Ott),1,
plugins,wp-video-lightbox,1,Ruhul Amin,1,
plugins,add-linked-images-to-gallery-v01,1,,1,
plugins,bi2,1,,1,
plugins,bulk-move,1,Sudar,1,
plugins,directory,2,,1,
plugins,fff-cron-manager,1,,1,
plugins,oik-republish,2,bobbingwide,1,
plugins,paypal-framework,1,Aaron D. Campbell,1,
plugins,paypal-responder,1,,1,
plugins,wp-clean-up,1,BoLiQuan,1,
plugins,wp-crontrol,1,Edward Dale John Blackbourn,1,
plugins,wp-slimstat,3,Camu,1,
plugins,woocommerce-extra-charges-to-payment-gateways,2,,1,
plugins,woocommerce-germanized,1,Vendidero,1,
plugins,woocommerce-jetpack,2,Algoritmika Ltd,1,
plugins,woocommerce-multilingual,2,,1,
plugins,woocommerce-poor-guys-swiss-knife,2,Uli Hake,1,
plugins,woocommerce-product-gift-wrap,2,Mike Jolley,1,
plugins,woocommerce-quantity-increment,2,Automattic WooThemes,1,
plugins,woocommerce-role-based-methods,2,WPBackOffice,1,
plugins,woocommerce-smart-coupons,2,WooThemes,1,
plugins,woocommerce-volume-discount-coupons,2,itthinx,1,
plugins,woocommerce-wholesale-prices,2,,1,
plugins,woocommerce-wholesale-prices-premium,2,,1,
plugins,woosidebars,2,WooThemes,1,
plugins,wpml-media,2,,1,
plugins,wpml-string-translation,2,,1,
plugins,wpml-translation-management,2,,1,
plugins,oik-weight-zone-shipping-pro-v0.2.2,1,,1,
plugins,dropcaps-shortcodes-and-widget,1,,1,
plugins,oik-dropcap,2,bobbingwide,1,
plugins,simple-drop-cap,1,Yudhistira Mauris,1,
plugins,genesis-layout-extras,1,David Decker - DECKERWEB,1,
plugins,wp-seo,1,Team Yoast,1,
plugins,more-privacy-options,3,,1,
plugins,wordpress-mu-domain-mapping-qw,1,,1,
plugins,easy-instagram,1,VeloMedia,1,
plugins,gtrans,1,GTranslate,1,
plugins,oik-bwtrace-too-new-for-oik-2.5,1,,1,
plugins,popover,2,WPMU DEV,1,
plugins,recent-posts,2,Barry (Incsub),1,
plugins,simple-instagram,1,Aaron Speer,1,
plugins,smart-bbboing,2,bobbingwide,1,
plugins,wp-customer-reviews,1,Go Web Solutions,1,
plugins,wpremote,1,,1,1
plugins,oik-intouchcrm,2,bobbingwide,1,
plugins,webchemistry-core,1,Mark Edmunds,1,
plugins,webchemistry-googleplugin,1,Mark Edmunds,1,
plugins,webchemistry-heatmap,1,Mark Edmunds,1,
plugins,webchemistry-searchenginesettings,1,Mark Edmunds,1,
plugins,webchemistry-seoboost,1,Mark Edmunds,1,
plugins,webchemistry-shortcodes,1,Mark Edmunds,1,
plugins,wordpress-mu-domain-mapping-local,1,,1,
plugins,job-manager,2,Tom Townsend,1,
plugins,menu-exporter,2,Joe Hoyle - Human Made Limited,1,
plugins,ultimate-tinymce,3,,1,
plugins,user-role-editor,3,Vladimir Garagulya,1,
plugins,velvet-blues-update-urls,3,VelvetBlues.com,1,
plugins,wordpress-php-info,1,Christopher Ross,1,
plugins,wponlinebackup,3,Jason Woods @ Backup Technology,1,
plugins,google-sitemap-plugin,2,BestWebSoft,1,
plugins,googleanalytics,3,Kevin Sylvestre,1,
plugins,resume-submissions-job-postings,1,,1,
plugins,timthumb-vulnerability-scanner,3,Peter Butler,1,
plugins,wp-job-manager,1,Mike Jolley,1,
plugins,oik-renamed,2,,1,
plugins,rjd,1,,1,
plugins,ultimate-tinymce-7,1,,1,
plugins,wp-spamfree-7,1,,1,
plugins,oik-2.5,1,,1,
plugins,oik-bwtrace-2.0.6,1,,1,
plugins,username-changer,1,Daniel J Griffiths,1,
plugins,wp-email-login,2,,1,
plugins,wp-google-maps,2,,1,
plugins,bb-plugin,2,,1,
plugins,css,2,,1,
plugins,divi-builder,1,Elegant Themes,1,
plugins,gcf,2,,1,
plugins,gutenberg-2.0.0,1,,1,
plugins,gutenberg-course,2,,1,
plugins,jsforwp-blocks,2,Zac Gordon,1,
plugins,oik-batch-pre-resolving-cd-problem,2,,1,1
plugins,phpunit,3,,1,1
plugins,restrict-shipping-classes,3,bobbingwide,1,
plugins,shortcake-gutenberg,3,,1,
plugins,wppompey,3,bobbingwide,1,
plugins,mtouch-quiz,1,,1,
plugins,WordPress-Importer,3,,1,1
plugins,commentluv-premium,1,Andy Bailey,1,
plugins,easy-nivo-slider,1,Phillip Bryan,1,
plugins,fatpanda-facebook-comments,1,,1,
plugins,image-widget,2,Modern Tribe Inc.,1,
plugins,infusionsoft-web-tracker,1,,1,
plugins,oik-content,2,,1,
plugins,oik-thesis-featurebox,2,bobbingwide,1,
plugins,really-simple-facebook-twitter-share-buttons,1,WhileTrue,1,
plugins,share-and-follow,1,Andy Killen,1,
plugins,shareaholic,2,Shareaholic,1,
plugins,thank-me-later,1,,1,
plugins,tweet-old-post,1,Ajay Matharu,1,
plugins,vslider,1,Mr.Vibe,1,
plugins,what-would-seth-godin-do,2,,1,
plugins,zero_tolerance,1,,1,
plugins,backupbuddy,2,Dustin Bolton,1,
plugins,cbnet-ping-optimizer,1,chipbennett,1,
plugins,commentluv,1,Andy Bailey,1,
plugins,dd-formmailer,1,Dagon Design,1,
plugins,duplicator,2,LifeInTheGrid,1,
plugins,easy-privacy-policy,1,Kevin Sparrow,1,
plugins,exec-php,1,S&ouml;ren Weber,1,
plugins,featured-content-gallery,1,,1,
plugins,feed-footer,1,Sherief Mursyidi,1,
plugins,infolinks-officlial-plugin,1,,1,
plugins,maintenance-mode,2,Michael Wöhrer,1,
plugins,quick-adsense,1,Philip Ze,1,
plugins,search-and-replace,1,Frank B&uuml;ltge,1,
plugins,seo-automatic-links,1,,1,
plugins,share-this,1,,1,
plugins,simple-tags,1,Amaury BALMER,1,
plugins,sitemap-generator,1,Dagon Design,1,
plugins,transposh-translation-filter-for-wordpress,1,,1,
plugins,tubepress,1,Eric D. Hough,1,
plugins,twitter-tools,2,Crowd Favorite,1,
plugins,twitter-tools-bitly-links,1,Viper007Bond,1,
plugins,ultimate-plugins-smart-update-pinger,1,Ultimate Plugins,1,
plugins,worldlogger-live-web-analytics,1,,1,
plugins,wp-db-backup,1,Austin Matzko,1,
plugins,wp-polls,1,Lester 'GaMerZ' Chan,1,
plugins,wp-postviews,1,Lester 'GaMerZ' Chan,1,
plugins,wp-print,1,Lester 'GaMerZ' Chan,1,
plugins,wp-responder-email-autoresponder-and-newsletter-plugin,1,,1,
plugins,WPRobot3,1,,1,
plugins,acf-options-page,1,Elliot Condon,1,
plugins,aryo-activity-log,1,Yakir Sitbon Maor Chasen Ariel Klikstein,1,
plugins,backupbuddy.hold,1,,1,
plugins,backupcreator.hold,1,,1,
plugins,better-recent-posts-widget,1,David Gewirtz,1,
plugins,cookie-law-info,2,Richard Ashby,1,
plugins,cool-timeline-pro,1,,1,
plugins,custom-post-type-ui,2,WebDevStudios,1,
plugins,dvteam,1,Egemenerd,1,
plugins,featured-video-plus,1,Alexander Höreth,1,
plugins,go_portfolio,1,Granth,1,
plugins,options-framework,1,Devin Price,1,
plugins,page-list,1,webvitaly,1,
plugins,post-types-order,1,Nsp Code,1,
plugins,simple-custom-css,1,John Regan Danny Van Kooten,1,
plugins,site-icon-pro,1,Luca Spiller,1,
plugins,soil,1,Roots,1,
plugins,the-grid,1,Themeone,1,
plugins,vc-extensions-bundle,1,,1,
plugins,wp-custom-cssjs,1,,1,
plugins,wp-google-maps-gold,1,WP Google Maps,1,
plugins,wp-google-maps-pro,1,WP Google Maps,1,
plugins,wp-rocket,1,WP Media,1,
plugins,wp-smushit.hold,1,,1,
plugins,CMB2,1,,1,1
plugins,wysija-newsletters,4,,1,
plugins,mad-mimi-broken,1,,1,
plugins,sociable-broken,1,,1,
plugins,genesis-enews-extended,1,,1,
plugins,.git,1,,1,
plugins,27918,1,bobbingwide,1,
plugins,admin,1,,1,
plugins,backup-qw,1,,1,
plugins,botnet,1,,1,
plugins,bs8484,1,bobbingwide,1,
plugins,bugrit,2,,1,
plugins,cli,1,,1,
plugins,climate,1,,1,
plugins,colours2woo,1,,1,
plugins,commentason,1,bobbingwide,1,
plugins,dtib-review,2,bobbingwide,1,
plugins,effort,1,bobbingwide,1,
plugins,g-c-w,1,,1,
plugins,g-pre-g,1,,1,
plugins,genesis-header-nav-develop,1,,1,
plugins,getver,1,,1,
plugins,GlotPress-WP,1,,1,
plugins,hello,2,,1,1
plugins,iphone-images,1,,1,
plugins,issue-49,1,,1,
plugins,kate,1,bobbingwide,1,
plugins,log-urgh,1,,1,
plugins,my-plugin,1,,1,1
plugins,myplugins,1,,1,
plugins,OAuth1,1,,1,
plugins,oik-adr,1,bobbingwide,1,
plugins,oik-api,1,,1,
plugins,oik-business,1,bobbingwide,1,
plugins,oik-bwtrace.php,1,,1,
plugins,oik-cartcountry-shipping,1,bobbingwide,1,
plugins,oik-child-theme,1,bobbingwide,1,
plugins,oik-clone-wxr,1,bobbingwide,1,
plugins,oik-cookie-law,1,bobbingwide,1,
plugins,oik-css-broken-1029,1,,1,
plugins,oik-downloads,1,bobbingwide,1,
plugins,oik-external-link-warning-pregit,1,,1,
plugins,oik-getimage,1,,1,
plugins,oik-html-importer,1,bobbingwide,1,
plugins,oik-html2markdown,1,bobbingwide,1,
plugins,oik-i18n,1,bobbingwide,,1
plugins,oik-jquery,1,,1,
plugins,oik-l10n,1,,1,
plugins,oik-mailchimp,1,,1,
plugins,oik-make,1,,1,
plugins,oik-money,1,bobbingwide,1,
plugins,oik-options,1,bobbingwide,1,
plugins,oik-payments,1,bobbingwide,1,
plugins,oik-pgs,1,bobbingwide,1,
plugins,oik-policies,1,,1,
plugins,oik-privacy-policy.php,1,,1,
plugins,oik-pro,1,bobbingwide,1,
plugins,oik-rewrite,1,bobbingwide,1,
plugins,oik-shutdown,1,,1,
plugins,oik-signup-user-notification,1,,1,
plugins,oik-squeeze-pregit,1,,1,
plugins,oik-syndicate,1,bobbingwide,1,
plugins,oik-tip,1,bobbingwide,,
plugins,oik-woo,3,bobbingwide,1,
plugins,oik-wzs-rates-pregit,1,,1,
plugins,oik-zip,1,bobbingwide,,
plugins,oldplay,2,,1,
plugins,oobar,2,bobbingwide,,
plugins,opcache,1,,1,
plugins,owzs-pro,1,,1,
plugins,php71-fixes,1,,1,1
plugins,php72-fixes,1,,1,1
plugins,play-rel1,2,,1,
plugins,play-rel2,2,,1,
plugins,plugin-dependencies,1,scribu,1,
plugins,PostMeta,1,,1,
plugins,premium-plugins,1,bobbingwide,1,
plugins,relocateme,1,,1,
plugins,sample,1,,1,
plugins,shortcode-ui,3,Fusion Engineering and community,1,
plugins,sitemap-redirect,1,,1,
plugins,slog,1,bobbingwide,,
plugins,sql-csv,1,,1,
plugins,storm10,1,Herb,1,
plugins,tennis,1,bobbingwide,1,
plugins,test-41257,1,,1,1
plugins,testapi,1,,1,
plugins,tides,1,,1,
plugins,twentytwelve-copied-from-theme,1,,1,
plugins,txt2md,1,bobbingwide,,
plugins,unserialize,1,,1,
plugins,woocommerce-currency-switcher,1,,1,
plugins,woocommerce-uk-counties,1,Lee Willis,1,
plugins,wordpress-develop-tests-svn-symlink,1,,1,
plugins,wp-browscap,1,,1,
plugins,wp-downloads,1,,1,
plugins,WP-Parser,2,Ryan McCue Paul Gibbs Andrey Rarst Savchenko and Contributors,1,
plugins,y,1,,1,
plugins,z,1,bobbingwide,1,
plugins,jetpack-renamed,1,,1,1
plugins,wp-migrate-db-0.9,1,,1,
plugins,BuddyPress,1,,1,1
plugins,welcome-pack,1,Paul Gibbs,1,
plugins,wp-geo,1,Ben Huson,1,
plugins,better-wp-security,1,Bit51.com,1,
plugins,editorial-calendar,1,,1,
plugins,played,1,,1,
plugins,sf-author-url-control,1,Grégory Viguier,1,
plugins,import-html-pages,1,,1,
plugins,link-manager,1,WordPress,1,
plugins,members,2,Justin Tadlock,1,
plugins,oa-social-login,1,Claude Schlesser,1,
plugins,user-photo,1,Weston Ruter,1,
plugins,wordpress-simple-survey,1,,1,
plugins,wp-memory-usage,1,Alex Rabe,1,
plugins,all-in-one-favicon,1,Arne Franken,1,
plugins,Basic-Auth-master,1,,1,
plugins,custom-metadata,1,,1,
plugins,email-as-username-for-wp-members,1,New Tribes Mission (Stephen Narwold),1,
plugins,groups,1,itthinx,1,
plugins,health-check,1,The WordPress.org community,1,
plugins,inc,1,,1,
plugins,my-wp-health-check,1,,1,
plugins,OAuth1-master,1,,1,
plugins,oik-bwtrace-2.0.12,1,,1,
plugins,oik-cmb,1,bobbingwide,1,1
plugins,oik-user-v0.5,1,,1,
plugins,pods,2,,1,
plugins,public-post-preview,1,Dominik Schilling,1,
plugins,push-syndication,1,Automattic,1,
plugins,shareadraft,1,Nikolay Bachiyski,1,
plugins,shareadraft-master,1,,1,
plugins,shipping-awd,1,Andy_P (modified by Mantish to make it state based),1,
plugins,simple-preview,1,Gabriel Nagmay,1,
plugins,spam-destroyer,1,,1,
plugins,testimonials-by-woothemes,1,,1,
plugins,woocommerce-2.5.2,1,,1,
plugins,woocommerce-weight-country-based-shipping,1,,1,
plugins,wordpress-security-lab,1,eConsultants.it Ltd,1,
plugins,youtube_oembed_fix,1,bobbingwide,1,
plugins,actions,1,,1,
plugins,cornerstone,1,,1,
plugins,oik-3.0.2,1,,1,
plugins,shortcode-reference,1,,1,
plugins,acf,1,Elliot Condon,1,
plugins,advanced-custom-fields-v4.3.9,1,,1,
plugins,advanced-theme-switcher,1,Paul Menard (Incsub),1,
plugins,cloner,1,WPMU DEV,1,
plugins,contact-form,1,AdamGold,1,
plugins,custom-content-type-manager,1,,1,1
plugins,custompress,1,,1,
plugins,e-newsletter,1,WPMUDEV,1,
plugins,edd,1,Bobbing Wide Pippin Williamson,1,
plugins,gravity-forms-custom-post-types,1,,1,
plugins,ml-slider,1,Matcha Labs,1,
plugins,multisite-content-copier,1,WPMU DEV,1,
plugins,oik-bwtracev2.0.12,1,,1,
plugins,oik-f,1,,1,
plugins,oik-fields-ren,1,,1,
plugins,oik-ms-renamed,1,,1,
plugins,oik-nivo-slider-1.3,1,,1,
plugins,oik-rwd-ren,1,,1,
plugins,oik-sc-help-renamed,1,,1,
plugins,oik-types-1.6,1,,1,
plugins,recent-global-posts-widget,1,,1,
plugins,remember-me-checked,1,Aaron Edwards (for Incsub),1,
plugins,saved_plugins,1,,1,
plugins,slide-in,1,,1,
plugins,wp-smush-pro,1,,1,
plugins,wpmu-dev-plusone,1,,1,
plugins,aqua-page-builder,1,,1,
plugins,oik-wcs-renamed,1,,1,
plugins,paypal-pro,1,WooThemes,1,
plugins,themes,1,,1,
plugins,slideshow-manager,1,,1,
plugins,wp-simple-rss-feed-reader,1,Viancen,1,
plugins,acf-repeater,1,Elliot Condon,1,
plugins,advanced-custom-fields-fucked,1,,1,
plugins,google-map-shortcode,1,Alain Gonzalez,1,
plugins,gravityformsmailchimp,1,,1,
plugins,my-page-order,1,,1,
plugins,page-tree,1,,1,
plugins,slickr-flickr,1,Russell Jamieson,1,
plugins,social,1,Crowd Favorite,1,
plugins,subpages-widget,1,,1,
plugins,subscribe2,1,Matthew Robinson,1,
plugins,taxonomy-widget,1,Michael Fields,1,
plugins,wordpress-custom-post-type-archive,1,,1,
plugins,wpgmappity,1,,1,
themes,.idea,2,,1,
themes,altitude-pro,3,,1,
themes,bag2013,3,,1,
themes,elitist,1,,1,
themes,genesis,31,,,
themes,genesis-2.1.3,1,,1,
themes,genesis-2.2.0,1,,1,
themes,oik2012,7,,1,
themes,oik20120,5,,1,
themes,omg,1,,1,
themes,rf0122,1,,1,
themes,rjdap,2,,1,
themes,simplest,1,,1,
themes,storefront,4,,1,
themes,twentyeleven,57,,1,
themes,twentyfifteen,43,,1,
themes,twentyfourteen,51,,1,
themes,twentyseventeen,26,,1,
themes,twentysixteen,23,,1,
themes,twentyten,56,,1,
themes,twentythirteen,53,,1,
themes,twentytwelve,57,,1,
themes,wpg0216,4,,1,
themes,wpg0216bp,2,,1,
themes,act1103,2,,1,
themes,act0402,1,,1,
themes,act0404,1,,1,
themes,act0408,1,,1,
themes,act0408a,1,,1,
themes,aldworth,1,,1,
themes,aldworth0628,1,,1,
themes,Avada,1,,1,
themes,constructzine-lite,1,,1,
themes,hsoh0914,4,,1,
themes,hsoh0914a,4,,1,
themes,aumabs0402a,1,,1,
themes,aumabs0402b,1,,1,
themes,aumabs0403,1,,1,
themes,aumabs0417,1,,1,
themes,aumabs0425,2,,1,
themes,aumabs0507,2,,1,
themes,custom-community,1,,1,
themes,goodtheme-lead,1,,1,
themes,personaltrainer,2,,1,
themes,bba0605,1,,1,
themes,bba0615,1,,1,
themes,bba0622,1,,1,
themes,bba0720c,2,,1,
themes,bcs0313,1,,1,
themes,bcs0313c,1,,1,
themes,destro,1,,1,
themes,dkret3,1,,1,
themes,nuance-v1.2.3,1,,1,
themes,pinboard,1,,1,
themes,rockstar,1,,1,
themes,spartan,1,,1,
themes,survive0310,4,,1,
themes,genesis-SB,3,,,
themes,air-balloon-lite,1,,1,
themes,pictorico,1,,1,
themes,sb0515,2,,1,
themes,bwdesign1028,3,,1,
themes,bwwow1130,2,,1,
themes,bwwow1203,2,,1,
themes,classic,5,,1,
themes,cwiccer1207,3,,1,
themes,default,5,,1,
themes,gsph1103,1,,1,
themes,pob1028,1,,1,
themes,sb1028,1,,1,
themes,sb2010,1,,1,
themes,sb2010_wm,1,,1,
themes,theme465,1,,1,
themes,broad-builders,1,,1,
themes,bw2013,4,,1,
themes,bw20131004,2,,1,
themes,genesis-bw,3,,,
themes,no-sidebar-pro,2,,1,
themes,parallax-pro,5,,1,
themes,workstation-pro,2,,1,
themes,amazing-times,2,,1,
themes,bg-mobile-first,2,,1,
themes,bwblogwordpress,2,,1,
themes,bwdesign0622,1,,1,
themes,bwdesign0715,1,,1,
themes,bwdesign0830,1,,1,
themes,bwdesign0830c,1,,1,
themes,diligent,1,,1,
themes,Engage,2,,1,
themes,freprotheme,1,,1,
themes,genesis-a2z,4,,,1
themes,genesis-broken,1,,1,
themes,genesis-hm,5,,,
themes,genesis-odea,3,,1,
themes,genesis-oik,14,,,1
themes,journal,2,,1,
themes,minimalist-pro,2,,1,
themes,novo,1,,1,
themes,one-pager-genesis-master,1,,1,
themes,twenty-seven-pro,2,,1,
themes,ccd1001,1,,1,
themes,ccd1001c,1,,1,
themes,cjw0118,2,,1,
themes,cjw20160315,2,,1,
themes,cjw20160316,1,,1,
themes,royal,1,,1,
themes,cc0512,1,,1,
themes,genesis-cc0512,1,,,
themes,hm140702,2,,1,
themes,rf0510c,3,,1,
themes,dws,1,,,
themes,rmt4dws,1,,1,
themes,dws2016,2,,1,
themes,dws2016-original,1,,1,
themes,dwscomlaytfh,1,,1,
themes,edw0112,2,,1,
themes,edw0114,1,,1,
themes,edw0121,1,,1,
themes,edw0125,1,,1,
themes,edw0203,1,,1,
themes,edw0616,1,,1,
themes,edw0911,1,,1,
themes,edge1117,1,,1,
themes,edge1117c,1,,1,
themes,edge1202,1,,1,
themes,edge120201,3,,1,
themes,edge120201c,3,,1,
themes,edge1202c,1,,1,
themes,eft0621,2,,1,
themes,eft0712,2,,1,
themes,eft1009,2,,1,
themes,eft1017,2,,1,
themes,eft1018,2,,1,
themes,eft1018r,2,,1,
themes,heft0204,1,,1,
themes,heft0205,2,,1,
themes,heft1229,1,,1,
themes,heft1229c,2,,1,
themes,heft1229gc,1,,1,
themes,architecture,1,,1,
themes,architecture-v1-04,1,,1,
themes,eoci0112,3,,1,
themes,sds_2012,1,,1,
themes,fsp0114,1,,1,
themes,lalu1223,2,,1,
themes,gdwifa,1,,,
themes,gdwifa20140303,2,,1,
themes,genesis-gdw,2,,1,
themes,gta0422,1,,1,
themes,gta0614,1,,1,
themes,gta0621,1,,1,
themes,gta0722c,2,,1,
themes,Builder-Cohen,1,,1,
themes,Builder-Madison,1,,1,
themes,Builder-Paige,1,,1,
themes,genesis-2.2.7,1,,1,
themes,genesis-hehall,1,,,
themes,siteground-wp23,1,,1,
themes,siteground-wp63,1,,1,
themes,siteground-wp73,1,,1,
themes,Universe,1,,1,
themes,World,1,,1,
themes,eft121212,2,,1,
themes,eft20140523,1,,1,
themes,eft20140523-qw,1,,1,
themes,eft20140527,3,,1,
themes,scr0909,3,,1,
themes,sorbet,2,,1,
themes,superhero,1,,1,
themes,genesis-hms,1,,1,
themes,hms0820,2,,1,
themes,hms0826,2,,1,
themes,hms0906,2,,1,
themes,hms0907,2,,1,
themes,sh0412,1,,1,
themes,shell-lite,1,,1,
themes,DailyJournal,3,,1,
themes,dailyjournal-olc,3,,1,
themes,Corporative,1,,1,
themes,Corporative-child,1,,1,
themes,genesis-v2.2.6,2,,1,
themes,hm120129,3,,1,
themes,hm120206,4,,1,
themes,hm120206c,4,,1,
themes,hsoh0922,4,,1,
themes,hsoh0928bp,3,,1,
themes,hsoh1027bp,4,,1,
themes,BlueMist,2,,1,
themes,Feather,2,,1,
themes,InterPhase,2,,1,
themes,PureType,2,,1,
themes,responsive,1,,1,
themes,Trim,2,,1,
themes,cjw1118,1,,1,
themes,cjw1123,1,,1,
themes,cjw1123c,1,,1,
themes,cjw1124,1,,1,
themes,cjw1128,1,,1,
themes,cjw1128c,1,,1,
themes,pcs1013,1,,1,
themes,lalu0915,1,,1,
themes,Magnificent,1,,1,
themes,retro-fitted,1,,1,
themes,retro-fitted-child,1,,1,
themes,Artisteer41,3,,1,
themes,oik0808,3,,1,
themes,oik0819c,3,,1,
themes,oik0917t,4,,1,
themes,oik0918,3,,1,
themes,oik310816,5,,1,
themes,oik310816c,4,,1,
themes,oik410130,4,,1,
themes,oik410130-1.1,2,,1,
themes,oik410130c,4,,1,
themes,oik410130c-1.1,2,,1,
themes,oik410923,4,,1,
themes,oik120815,1,,1,
themes,attitude,1,,1,
themes,nivo2011,5,,1,
themes,oobit,6,,1,
themes,vantage,2,,1,
themes,dailyjournal-olc2.3,1,,1,
themes,DailyJournal2.3,2,,1,
themes,olc0618,2,,1,
themes,olc120815,2,,1,
themes,olc120815c,3,,1,
themes,oobit-extras,1,,1,
themes,alver0620,1,,1,
themes,DailyJournal2.4,1,,1,
themes,genesis-image,6,,,1
themes,genesis-paap,2,,1,
themes,breakpoint,1,,1,
themes,in-the-beginning,1,,1,
themes,Nominal,1,,1,
themes,maximus,2,,1,
themes,maximus-rf,2,,1,
themes,rf0202,2,,1,
themes,rf0227,2,,1,
themes,rf0227c,2,,1,
themes,rf0311,5,,1,
themes,rf0311c,4,,1,
themes,rf0403,2,,1,
themes,rf0403c,2,,1,
themes,rf0510,2,,1,
themes,act0331,1,,1,
themes,bag2013-v0.1,2,,1,
themes,eps0906,1,,1,
themes,fabt120330,1,,1,
themes,gkz1116,1,,1,
themes,japics1102,2,,1,
themes,li020226,1,,1,
themes,mdt1209,1,,1,
themes,oobit v1.0,1,,1,
themes,pcs0809,1,,1,
themes,pcs0822,1,,1,
themes,pcs1003,1,,1,
themes,phoenix0516,1,,1,
themes,rcgc0318,1,,1,
themes,rcgc0818,1,,1,
themes,rcr0725,2,,1,
themes,rctc0130,2,,1,
themes,rcwd0415,1,,1,
themes,s2s0515,2,,1,
themes,s2s0515c,2,,1,
themes,st0515,1,,1,
themes,tl0515,1,,1,
themes,yellow0117,1,,1,
themes,centita,3,,1,
themes,centita3.0,2,,1,
themes,centita30c,2,,1,
themes,rjdap-0.0.3,1,,1,
themes,rjdap-clone,1,,1,
themes,__MACOSX,1,,1,
themes,centita3.0-7,1,,1,
themes,centita30c-7,1,,1,
themes,genesis-2.2.6,1,,1,
themes,imbalance,1,,1,
themes,modernbloggerpro,1,,1,
themes,rjdpp,1,,1,
themes,rngs0414,3,,1,
themes,rngs0414c,3,,1,
themes,rngs0721,2,,1,
themes,rngs0721-ren,1,,1,
themes,rngs0721-wtf,1,,1,
themes,rngs0721c,2,,1,
themes,rngs0827,2,,1,
themes,sol121012,2,,1,
themes,sol121012c,2,,1,
themes,sol150508,2,,1,
themes,Divi,1,,1,
themes,wp-pompey,3,,1,
themes,survive1210,2,,1,
themes,trcg120403,3,,1,
themes,trcg120403c,3,,1,
themes,symondson0903,1,,1,
themes,symondson0903c,1,,1,
themes,thesis_16,1,,1,
themes,lifestyle,1,,1,
themes,szerelmey,1,,1,
themes,genesis-tags,2,,,
themes,atahualpa,1,,1,
themes,genesis-sample,1,,1,
themes,genesis-wbwb,1,,1,
themes,wbwb20141021,2,,1,
themes,_oik,1,,1,
themes,2014,1,,1,
themes,2015,1,,1,
themes,2016,1,,1,
themes,aumabs0507c,1,,1,
themes,aumabs0520c,1,,1,
themes,bag2013-0616,1,,1,
themes,bag2013-0626,1,,1,
themes,bag2013-saved,1,,1,
themes,bwdesign120209,1,,1,
themes,bwdesign120209c,1,,1,
themes,bwwow111120,1,,1,
themes,cjw20160316w,1,,1,
themes,eie120910c,2,,1,
themes,genesis-aati,1,,1,
themes,genesis-image-pregit,1,,1,
themes,jquery-UI,1,,1,
themes,jquery-ui-1.12.1.custom,1,,1,
themes,jquery-ui-themes-1.12.1,1,,1,
themes,oik0917,1,,1,
themes,oik0917c,1,,1,
themes,oik0917r,1,,1,
themes,oik0917s,1,,1,
themes,oik120206,1,,1,
themes,oik120206c,1,,1,
themes,oik310816c-buggered,1,,1,
themes,oik401126,1,,1,
themes,oik401126-art4,1,,1,
themes,oik410326,2,,1,
themes,oik410923c,1,,1,
themes,oik420130,1,,1,
themes,oik420130lm,1,,1,
themes,oik420130wp,1,,1,
themes,olc130611,1,,1,
themes,psc0211,1,,1,
themes,style,1,,1,
themes,survive0310-art4,1,,1,
themes,survive1120,2,,1,
themes,t10scom0201,1,,1,
themes,t10scom120128,1,,1,
themes,thematic,1,,1,
themes,trcg121026,1,,1,
themes,trtc0104,1,,1,
themes,trtc0212,1,,1,
themes,trtc0225,1,,1,
themes,trtc0225c,1,,1,
themes,trtc1230,1,,1,
themes,Untitled,1,,1,
themes,twentyfifteen-v1.7,1,,1,
themes,twentysixteen-symlinked-gitted,1,,1,
themes,bp-default,2,,1,
themes,p2,1,,1,
themes,wpg0216bp-renamed,1,,1,
themes,bp1027,1,,1,
themes,hsoh0922bp,1,,1,
themes,hsoh1015,1,,1,
themes,boldy,1,,1,
themes,business-lite,1,,1,
themes,eie120910,1,,1,
themes,frantic,1,,1,
themes,Innova,1,,1,
themes,sh0612,1,,1,
themes,asteria-lite,1,,1,
themes,blackbird,1,,1,
themes,blackbirdtheme-trial,1,,1,
themes,match,1,,1,
themes,mystile,1,,1,
themes,nivoblackbird,1,,1,
themes,nuance-v1.2.4,1,,1,
themes,t40,1,,1,
themes,wonderflux,1,,1,
themes,minn-lite,1,,1,
themes,aventurine,1,,1,
themes,dtib0601,1,,1,
themes,dtib0601a,1,,1,
themes,dtib0723a,1,,1,
themes,genesis-2.2.3,1,,1,
themes,pcs20141209,1,,1,
themes,sleekphoto,1,,1,
themes,twentyeleven-2.1,1,,1,
themes,uf-scribe,1,,1,
themes,uf-spirit,1,,1,
themes,upfront,1,,1,
themes,Martha,1,,1,
themes,Martha1,1,,1,
themes,wporg-developer,1,,1,
themes,etiquette-wp,1,,1,
themes,yellowbrand,1,,1,
themes,yellowbrand-oik,1,,1,
Totals,,1174,,4009,
