Type,Component,Count,Author,Third Party,Tests,Site
plugins,.idea,4,,1,,. 
plugins,akismet,85,Automattic,1,,. 
plugins,backwpup,16,Inpsyde GmbH,1,,. 
plugins,bbpress,7,The bbPress Community,1,,. 
plugins,bowe-codes,1,imath,1,,. 
plugins,buddypress,6,,1,,. 
plugins,cookie-cat,46,bobbingwide,,1,. 
plugins,debug-bar,5,wordpressdotorg,1,,. 
plugins,developer,1,Automattic,1,,. 
plugins,distributor,2,Taylor Lovett 10up,1,1,. 
plugins,drafts-for-friends,3,bobbingwide,1,,. 
plugins,easy-digital-downloads,10,Pippin Williamson and Company,,1,. 
plugins,easy-fancybox,1,RavanH,1,,. 
plugins,easy-pricing-tables,1,,1,,. 
plugins,fancy-box,1,,1,,. 
plugins,fancybox-for-wordpress,1,,1,,. 
plugins,feedwordpress,1,Charles Johnson,1,,. 
plugins,genesis-beta-tester,1,Nathan Rice,1,,. 
plugins,genesis-variable-footer-widgets,1,,1,,. 
plugins,github-release-downloads,1,Ivan Ridao Freitas,1,,. 
plugins,log-deprecated-notices,2,Andrew Nacin,1,,. 
plugins,membership,6,Barry (Incsub) Cole (Incsub),1,,. 
plugins,oik,87,bobbingwide,,1,. 
plugins,oik-batch,31,bobbingwide,,1,. 
plugins,oik-batchmove,19,bobbingwide,,,. 
plugins,oik-bob-bing-wide,42,bobbingwide,,1,. 
plugins,oik-bob-bing-wide-1.21,1,,1,,. 
plugins,oik-bp-signup-email,5,bobbingwide,1,,. 
plugins,oik-bwtrace,63,bobbingwide,,1,. 
plugins,oik-clone,21,bobbingwide,,,. 
plugins,oik-debug-filters,14,bobbingwide,1,,. 
plugins,oik-email-signature,17,bobbingwide,1,,. 
plugins,oik-fields,54,bobbingwide,,,. 
plugins,oik-fields-1.36,1,,1,,. 
plugins,oik-nivo-slider,42,bobbingwide,,,. 
plugins,oik-plugins,17,bobbingwide,,,. 
plugins,oik-privacy-policy,53,bobbingwide,,,. 
plugins,oik-sc-help,20,bobbingwide,,1,. 
plugins,oik-sc-help-1.9,1,,1,,. 
plugins,oik-shortcodes,17,bobbingwide,,,. 
plugins,oik-sites,6,bobbingwide,,,. 
plugins,oik-types,37,bobbingwide,,,. 
plugins,popdom-themes-backup,1,,1,,. 
plugins,popup-domination,2,PopUp Domination Team,1,,. 
plugins,query-monitor,6,John Blackbourn,1,1,. 
plugins,rfi,3,bobbingwide,1,,. 
plugins,schunter,7,bobbingwide,,,. 
plugins,setup,20,bobbingwide,1,,. 
plugins,sg-cachepress,3,SiteGround,1,,. 
plugins,shortcake-ui-demo,1,Mte90,1,,. 
plugins,si-captcha-for-wordpress,11,,1,,. 
plugins,toolbar-theme-switcher,1,Andrey Rarst Savchenko,1,,. 
plugins,trac29608,5,bobbingwide,,,. 
plugins,u-buddypress-forum-editor,1,,1,,. 
plugins,visualizer,1,,1,,. 
plugins,woocommerce,22,Automattic,,,. 
plugins,wordpress-importer,27,wordpressdotorg,1,,. 
plugins,wordpress-seo,66,,1,,. 
plugins,wp-charts,2,,1,,. 
plugins,WP-DraftsForFriends,2,Lester 'GaMerZ' Chan,1,,. 
plugins,wp-mail-smtp,4,,1,,. 
plugins,wp-spamfree,2,WP-SpamFree,1,,. 
plugins,wp-top12,5,,,1,. 
plugins,wpmudev-updates,6,,1,,. 
plugins,add-to-any,9,micropat,1,,act 
plugins,all-in-one-seo-pack,12,,1,,act 
plugins,download-monitor,2,Mike Jolley,1,,act 
plugins,download-monitor-saved,1,,1,,act 
plugins,easy-digital-downloads-free-download,1,,1,,act 
plugins,extended-page-lists,6,grandslambert,1,,act 
plugins,featured-image-widget,13,,1,,act 
plugins,google-analytics-for-wordpress,46,,1,,act 
plugins,google-sitemap-generator,15,,1,,act 
plugins,import-users-from-csv,4,Ulrich Sossou,1,,act 
plugins,ltw-testimonials,11,LessThanWeb,1,,act 
plugins,obsafe_print_r,5,bobbingwide vsgloik,1,,act 
plugins,oik-fum,15,bobbingwide,,,act 
plugins,pc-searchengine-verify,11,Peter Coughlin,1,,act 
plugins,sexybookmarks,8,,1,,act 
plugins,sharebar,3,Monjurul Dolon,1,,act 
plugins,si-contact-form,15,Mike Challis Ken Carlson,1,,act 
plugins,the-events-calendar,8,Modern Tribe Inc.,1,,act 
plugins,updraftplus,3,UpdraftPlus.Com DavidAnderson,1,,act 
plugins,allow-reinstalls,17,bobbingwide,,1,aldworth 
plugins,backupwordpress,30,Human Made Limited,1,,aldworth 
plugins,contact-form-7,6,,1,,aldworth 
plugins,fusion-builder,3,ThemeFusion,1,,aldworth 
plugins,fusion-core,3,ThemeFusion,1,,aldworth 
plugins,jetpack,41,Automattic,,,aldworth 
plugins,LayerSlider,1,Kreatura Media,1,,aldworth 
plugins,media-file-renamer,5,Jordy Meow,1,,aldworth 
plugins,oik-css,40,bobbingwide,,1,aldworth 
plugins,oik-css-pregit,2,,1,,aldworth 
plugins,oik-rwd,37,bobbingwide,,,aldworth 
plugins,oik-window-width,11,bobbingwide,,,aldworth 
plugins,post-type-switcher,16,John James Jacoby,1,,aldworth 
plugins,revslider,3,ThemePunch,1,,aldworth 
plugins,advanced-responsive-video-embedder,1,Nicolas Jonas,1,,aumabs 
plugins,mbo,2,bobbingwide,1,,aumabs 
plugins,oik-popup,10,bobbingwide,,,aumabs 
plugins,oik-rating,9,bobbingwide,1,,aumabs 
plugins,oik-squeeze,18,bobbingwide,,,aumabs 
plugins,oik-testimonials,20,bobbingwide,,,aumabs 
plugins,oik-types-v1.6,1,,1,,aumabs 
plugins,oik-v2.6-alpha.0525,1,,1,,aumabs 
plugins,oik-video,22,bobbingwide,,,aumabs 
plugins,promotion-slider,1,,1,,aumabs 
plugins,smart-google-code-inserter,1,,1,,aumabs 
plugins,nextgen-gallery,13,,1,,balancingbyart 
plugins,slideshow-gallery-pro,3,,1,,balancingbyart 
plugins,appointments,2,Hakan Evin <hakan@incsub.com>,1,,bettercorestrength 
plugins,contus-video-gallery,1,,1,,bettercorestrength 
plugins,flagallery-skins,1,,1,,bettercorestrength 
plugins,flash-album-gallery,1,,1,,bettercorestrength 
plugins,image-protector,1,Hirofumi Ohta,1,,bettercorestrength 
plugins,revostock-gallery,1,RevoStock,1,,bettercorestrength 
plugins,sliding-youtube-gallery,1,,1,,bettercorestrength 
plugins,wpcat2tag-importer,2,wordpressdotorg,1,,bettercorestrength 
plugins,bigram,3,bobbingwide,,,bigram 
plugins,bigram-renamed,1,,1,,bigram 
plugins,d62wp,7,bobbingwide,,,bigram 
plugins,frontend-uploader,1,Rinat Khaziev Daniel Bachhuber,1,,bigram 
plugins,genesis-footer-widgets,10,bobbingwide,,,bigram 
plugins,genesistant,15,bobbingwide,,,bigram 
plugins,oik-a2z,9,bobbingwide,,1,bigram 
plugins,oik-ajax,11,bobbingwide,,,bigram 
plugins,oik-media,5,bobbingwide,,,bigram 
plugins,rest-api,2,,1,,bigram 
plugins,simple-facebook-connect,6,,1,,blogbbf 
plugins,simple-twitter-connect,6,,1,,blogbbf 
plugins,widget-wrangler,7,Jonathan Daggerhart,1,,blogbbf 
plugins,wpautoembed,2,Corey Wilson Jason Hines Christopher John Jackson,1,,blogbbf 
plugins,genesis-responsive-slider,1,StudioPress,1,,broad-builders 
plugins,image-carousel,1,GhozyLab Inc.,1,,broad-builders 
plugins,wonderplugin-carousel,1,,1,,broad-builders 
plugins,wonderplugin-carousel-9.8,1,,1,,broad-builders 
plugins,bw-types,3,bobbingwide,1,,bwcom 
plugins,bw-types-pregit,1,,1,,bwcom 
plugins,genesis-connect-woocommerce,3,StudioPress,1,,bwcom 
plugins,greprecated,4,,,1,bwcom 
plugins,network-privacy,6,,1,,bwcom 
plugins,oik-blogger-redirect,10,bobbingwide,1,,bwcom 
plugins,oik-bwtrace-git,1,,1,1,bwcom 
plugins,oik-lib,12,bobbingwide,,,bwcom 
plugins,oik-ms,18,bobbingwide,,,bwcom 
plugins,oik-mshot,12,bobbingwide,,,bwcom 
plugins,oik-pregit,1,,1,,bwcom 
plugins,oik-theme-fields,5,bobbingwide,,,bwcom 
plugins,oik-themes,12,bobbingwide,,,bwcom 
plugins,oik-tos,2,bobbingwide,1,,bwcom 
plugins,uk-tides,22,bobbingwide,,,bwcom 
plugins,wc-call-for-price,1,,1,,bwcom 
plugins,woocommerce-call-for-price,1,Algoritmika Ltd,1,,bwcom 
plugins,woocommerce-gateway-paypal-express-checkout,2,Automattic,1,,bwcom 
plugins,wordpress-mu-domain-mapping-renamed,3,,1,,bwcom 
plugins,wp-migrate-db,7,Delicious Brains,1,,bwcom 
plugins,bwdesign,2,bobbingwide,,,bwdesign 
plugins,cms-tree-page-view,5,,1,,bwdesign 
plugins,cron-view,2,,1,,bwdesign 
plugins,Custom-Meta-Boxes,2,,1,1,bwdesign 
plugins,debug-bar-cron,2,Zack Tollman Helen Hou-Sandi,1,,bwdesign 
plugins,dff,1,,1,,bwdesign 
plugins,five-star-rating,1,Andrew Alba,1,,bwdesign 
plugins,gallery-widget,1,,1,,bwdesign 
plugins,hookr,1,@explodybits,1,,bwdesign 
plugins,json-rest-api,2,,1,,bwdesign 
plugins,oik-bob-bing-wide-1.30.2,1,,1,,bwdesign 
plugins,oik-bwtrace.2.0.11,1,,1,,bwdesign 
plugins,oik-fields.x,1,,1,,bwdesign 
plugins,oik-plugin-fields,4,bobbingwide,,,bwdesign 
plugins,oik-popup-saved,1,,1,,bwdesign 
plugins,oik-post-type-support,11,bobbingwide,,,bwdesign 
plugins,oik-responsive-menu,11,bobbingwide,1,,bwdesign 
plugins,oik-shortcodes-a2z,5,bobbingwide,,1,bwdesign 
plugins,oik-sidebar,8,bobbingwide,1,,bwdesign 
plugins,quick-pagepost-redirect-plugin,2,,1,,bwdesign 
plugins,redirection,10,John Godley,1,,bwdesign 
plugins,regenerate-thumbnails,8,Alex Mills (Viper007Bond),1,,bwdesign 
plugins,siteorigin-panels,4,SiteOrigin,1,,bwdesign 
plugins,slideshow-gallery-2,1,,1,,bwdesign 
plugins,stats,1,Automattic,1,,bwdesign 
plugins,sub-page-summary,4,,1,,bwdesign 
plugins,tinymce-advanced,5,Andrew Ozz,1,,bwdesign 
plugins,wcs-qr-code-generator,4,WP Code Snippets (Luke America),1,,bwdesign 
plugins,widget-importer-exporter,5,Steven Gliebe,1,,bwdesign 
plugins,widget-output-cache,1,Kaspars Dambis,1,,bwdesign 
plugins,wpaudio-mp3-player,10,,1,,bwdesign 
plugins,youtube-embed-plus,1,,1,,bwdesign 
plugins,gravityforms,12,rocketgenius,1,,classic 
plugins,portfolio-slideshow,6,Raygun,1,,classic 
plugins,underconstruction,14,Jeremy Massel,1,,classic 
plugins,custom-contact-forms,1,Taylor Lovett,1,,coaching2inspire 
plugins,lightbox-plus,2,,1,,coaching2inspire 
plugins,mailchimp-widget,1,James Lafferty,1,,coaching2inspire 
plugins,sexybookmarks-broke,1,,1,,coaching2inspire 
plugins,contact-form-manager,1,xyzscripts.com,1,,colours 
plugins,ecwid-shopping-cart,1,Ecwid Team,1,,colours 
plugins,essential-grid,1,ThemePunch,1,,colours 
plugins,exploit-scanner,1,Donncha O Caoimh,1,,colours 
plugins,js_composer,2,Michael M - WPBakery.com,1,,colours 
plugins,limit-login-attempts,3,Johan Eenfeldt,1,,colours 
plugins,mailchimp-for-wp,2,ibericode,1,,colours 
plugins,master-slider,1,averta,1,,colours 
plugins,masterslider,1,averta,1,,colours 
plugins,screets-lc,1,Screets Team,1,,colours 
plugins,Ultimate_VC_Addons,1,Brainstorm Force,1,,colours 
plugins,w3-total-cache,2,Frederick Townes,1,,colours 
plugins,wp-db-backup-made,1,,1,,colours 
plugins,wp-maintenance-mode,1,Designmodo,1,,colours 
plugins,wp-optimize,3,David Anderson Ruhani Rabin Team Updraft,1,,colours 
plugins,wp-smushit,2,,1,,colours 
plugins,wpclef,2,Clef,1,1,colours 
plugins,yith-woocommerce-wishlist,1,,1,,colours 
plugins,cookie-batch,2,,1,,cookie-cat 
plugins,cookie-category,6,bobbingwide,,,cookie-cat 
plugins,cookie-category-pregit,1,,1,,cookie-cat 
plugins,cookie-control,3,,1,,cookie-cat 
plugins,oik-bwtrace-ren,1,,1,,cookie-cat 
plugins,oik-ren,1,,1,,cookie-cat 
plugins,wp-to-twitter,5,Joseph Dolson,1,,cookie-cat 
plugins,adamrob-parallax-scroll,1,,1,,cwiccer 
plugins,audio,5,Scott Taylor,1,,cwiccer 
plugins,bbboing,20,bobbingwide,,,cwiccer 
plugins,beaver-builder-lite-version,1,,1,,cwiccer 
plugins,classic-editor,5,WordPress Contributors,1,,cwiccer 
plugins,cookie-opt-in,1,,1,,cwiccer 
plugins,gutenberg,6,Gutenberg Team,1,,cwiccer 
plugins,issue-19,2,,1,,cwiccer 
plugins,oik-a2z-pregit,1,,1,,cwiccer 
plugins,oik-bbpress,11,bobbingwide,1,,cwiccer 
plugins,oik-edd-but-no-edd,1,,1,,cwiccer 
plugins,oik-external-link-warning,12,bobbingwide,,,cwiccer 
plugins,oik-header,11,bobbingwide,1,,cwiccer 
plugins,oik-moreoptions,9,bobbingwide,,,cwiccer 
plugins,oik-select-menu,2,bobbingwide,1,,cwiccer 
plugins,oik-user,18,bobbingwide,,,cwiccer 
plugins,oik-weight-zone-shipping-pro,13,bobbingwide,,,cwiccer 
plugins,oik-weightcountry-shipping,16,bobbingwide,,,cwiccer 
plugins,plugin-beta-tester,2,mitcho (Michael Yoshitaka Erlewine),1,,cwiccer 
plugins,s2member-files,4,,1,,cwiccer 
plugins,s2member-logs,4,,1,,cwiccer 
plugins,so-widgets-bundle,3,SiteOrigin,1,,cwiccer 
plugins,theme-check,1,Otto42 pross,1,,cwiccer 
plugins,simple-tweet,1,wokamoto,1,,design 
plugins,youtube,1,Sonicity Plugins,1,,design 
plugins,diy-oik,16,bobbingwide,,,dws 
plugins,dws,2,bobbingwide,,,dws 
plugins,go-live-update-urls,4,Mat Lipe,1,,dws 
plugins,oik-dates,10,bobbingwide,,,dws 
plugins,tags,3,bobbingwide,,,dws 
plugins,captcha,3,BestWebSoft,1,,eedge 
plugins,eedge,4,,1,,eedge 
plugins,epages,3,bobbingwide,1,,eedge 
plugins,one-click-child-theme,1,tychay,1,,eft 
plugins,simple-image-widget,2,,1,,eft 
plugins,live-composer-page-builder,1,,1,,engarc 
plugins,wordfence,6,Wordfence,1,,engarc 
plugins,wp-htaccess-editor,1,Lukenzi,1,,engarc 
plugins,wp-performance-score-booster,1,Dipak C. Gajjar,1,,engarc 
plugins,wp-super-simple-speed,1,,1,,engarc 
plugins,wpseo-local,1,,1,,engarc 
plugins,image-store,1,,1,,fsp 
plugins,jquery-featured-content-gallery,2,,1,,fsp 
plugins,qtranslate,2,Qian Qin,1,,fsp 
plugins,ga-google-analytics,1,Jeff Starr,1,,gdwifa 
plugins,auto-listings,1,WP Auto Listings,1,,hallsgs 
plugins,car-demon,1,CarDemons,1,,hallsgs 
plugins,car-sales-pages,1,Jeff Bullins,1,,hallsgs 
plugins,carousel-slider,1,Sayful Islam,1,,hallsgs 
plugins,foogallery-owl-carousel-template,1,,1,,hallsgs 
plugins,genesis-taxonomy-images,1,studiograsshopper themiked,1,,hallsgs 
plugins,kiwi-logo-carousel,1,,1,,hallsgs 
plugins,logo-carousel,1,,1,,hallsgs 
plugins,logo-carousel-slider,1,,1,,hallsgs 
plugins,logo-slider,1,EnigmaWeb,1,,hallsgs 
plugins,motors-car-dealership-classified-listings,1,,1,,hallsgs 
plugins,oik-3.0.1,1,,1,,hallsgs 
plugins,oik-fields-pregit,1,,1,,hallsgs 
plugins,owl-carousel,1,,1,,hallsgs 
plugins,pl-car-dealer,1,Roberto Bruno,1,,hallsgs 
plugins,taxonomy-images,1,Michael Fields Ben Huson,1,,hallsgs 
plugins,wp-car-manager,1,Never5,1,,hallsgs 
plugins,wp-carousel-free,1,ShapedPlugin,1,,hallsgs 
plugins,wp-custom-taxonomy-meta,1,,1,,hallsgs 
plugins,wp-term-images,1,John James Jacoby,1,,hallsgs 
plugins,all-in-one-event-calendar,4,Time.ly Network Inc.,1,,hampshire-eft 
plugins,all-in-one-event-calendar-effed,1,,1,,hampshire-eft 
plugins,options-importer,4,Matthew Boynes,1,,hampshire-eft 
plugins,plugin-activation-status,5,Curtiss Grymala,1,,hampshire-eft 
plugins,revision-control,2,Dion Hulse,1,,hampshire-eft 
plugins,sneak-peek,4,bobbingwide,1,,hampshire-eft 
plugins,wordpress-mu-domain-mapping-disabled,1,,1,,hampshire-eft 
plugins,wordpress-mu-domain-mapping-disabled-again,1,,1,,hampshire-eft 
plugins,wordpress-popup,1,,1,,hampshire-eft 
plugins,awd-weightcountry-shipping,3,,1,,handmadestudios 
plugins,feed-them-social,1,,1,,handmadestudios 
plugins,instagram-image-gallery,1,,1,,handmadestudios 
plugins,mailchimp,1,MailChimp and Crowd Favorite,1,,handmadestudios 
plugins,megamenu,1,Tom Hemsley,1,,handmadestudios 
plugins,oik-fields-renamed,2,,1,,handmadestudios 
plugins,oik-nivo-slider-renamed,1,,1,,handmadestudios 
plugins,oik-rwd-renamed,1,,1,,handmadestudios 
plugins,oik-types-renamed,1,,1,,handmadestudios 
plugins,oik-weightcountry-shipping-pro,11,bobbingwide,,,handmadestudios 
plugins,pinterest-verify,1,Phil Derksen,1,,handmadestudios 
plugins,ultimate-coming-soon-page,1,SeedProd,1,,handmadestudios 
plugins,woocommerce-colors,1,WooThemes,1,,handmadestudios 
plugins,woocommerce-product-archive-customiser,1,,1,,handmadestudios 
plugins,cart66-lite,1,,1,,happystevehook 
plugins,meta-tag-manager,1,NetWebLogic LLC,1,,happystevehook 
plugins,wp-simplemail,1,,1,,happystevehook 
plugins,advanced-custom-fields,4,,1,,hifianswers 
plugins,bainternet-posts-creation-limits,3,,1,,hifianswers 
plugins,bulk-taxonomy-edits,1,Phil Meadows,1,,hifianswers 
plugins,business-directory-plugin,1,D. Rodenbaugh,1,,hifianswers 
plugins,capability-manager-enhanced,2,,1,,hifianswers 
plugins,collapsing-categories,3,,1,,hifianswers 
plugins,export-users-to-csv,1,Ulrich Sossou,1,,hifianswers 
plugins,import-external-images,3,Marty Thornley,1,,hifianswers 
plugins,oik-blogger-importer,3,,1,,hifianswers 
plugins,oik-members,4,bobbingwide,1,,hifianswers 
plugins,olc,4,bobbingwide,1,,hifianswers 
plugins,olc-tweaks,2,Phil Meadows,1,,hifianswers 
plugins,p3-profiler,3,GoDaddy.com,1,,hifianswers 
plugins,press-permit-core,2,Agapetry Creations LLC,1,,hifianswers 
plugins,s2member,3,s2Member / WebSharks Inc.,1,,hifianswers 
plugins,supplier-directory,2,Phil Meadows,1,,hifianswers 
plugins,tb-testimonials,7,Travis Ballard,1,,hifianswers 
plugins,visual-form-builder,1,Matthew Muro,1,,hifianswers 
plugins,wp-members,15,Chad Butler,1,,hifianswers 
plugins,wp-pagenavi,6,Lester 'GaMerZ' Chan,1,,hifianswers 
plugins,Akismet-v3.1.8,1,,1,,hm 
plugins,dinlo,6,bobbingwide,,1,hm 
plugins,google-analytics-for-wordpress-renamed,1,,1,,hm 
plugins,gutenberg-2.1.0,2,,1,,hm 
plugins,gutenberg-2.3.0,2,,1,,hm 
plugins,mergebot,1,Delicious Brains,1,,hm 
plugins,oik-block,4,Herb Miller,,1,hm 
plugins,oik-cons,3,bobbingwide,1,,hm 
plugins,oik-css3,2,bobbingwide,1,,hm 
plugins,oik-git-clone,1,,1,1,hm 
plugins,oik-libs,11,bobbingwide,,1,hm 
plugins,oik-read-more,10,bobbingwide,,,hm 
plugins,us-tides,11,bobbingwide,,,hm 
plugins,wordpress-beta-tester,6,,1,,hm 
plugins,wordpress-develop-tests,12,bobbingwide,,,hm 
plugins,efficient-related-posts,2,Aaron D. Campbell,1,,hm0618 
plugins,sociable,4,Blogplay,1,,hm0618 
plugins,wp-post-to-twitter,2,Glyn Mooney,1,,hm0618 
plugins,wp-syntax,2,Steven A. Zahm,1,,hm0618 
plugins,blogger-importer,3,wordpressdotorg,1,,hm1013 
plugins,official-statcounter-plugin-for-wordpress,2,,1,,hosh 
plugins,private-buddypress,3,Dennis Morhardt,1,,hosh 
plugins,wordpress-mu-domain-mapping,5,,,,hosh 
plugins,localmail,2,bobbingwide,1,,hsoh_old 
plugins,acurax-social-media-widget,2,,1,,janecoomb 
plugins,alexa-internet,2,,1,,janecoomb 
plugins,broken-link-checker,6,Janis Elsts,1,,janecoomb 
plugins,cookies-for-comments,2,Donncha O Caoimh,1,,janecoomb 
plugins,custom-meta-widget,2,,1,,janecoomb 
plugins,follow-my-blog-post,2,,1,,janecoomb 
plugins,internal-link-manager,2,Kevin Leary,1,,janecoomb 
plugins,powerpress,2,Blubrry,1,,janecoomb 
plugins,searchterms-tagging-2,2,,1,,janecoomb 
plugins,wp-statistics,2,Mostafa Soufi,1,,janecoomb 
plugins,wysija-newsletters-norty,1,,1,,janecoomb 
plugins,quote-rotator,1,Luke Howell,1,,jtth 
plugins,oik-bwtrace-renamed,1,,1,,lalucouk 
plugins,qtranslate-x,1,,1,,lalucouk 
plugins,wp-seo-qtranslate-x,1,,1,,lalucouk 
plugins,wmdum,1,,1,,lfd4u 
plugins,calyx,1,bobbingwide,1,,officialcaravan 
plugins,get-ctrl-importer,3,bobbingwide,1,,officialcaravan 
plugins,import-users-from-csv-renamed,1,,1,,officialcaravan 
plugins,jetpack-easy-playlists,1,,1,,officialcaravan 
plugins,jetpack-extras,1,,1,,officialcaravan 
plugins,oik-bwtrace-v2.0.11,1,,1,,officialcaravan 
plugins,oik-tunes,10,bobbingwide,1,,officialcaravan 
plugins,oik-types-pregit,1,,1,,officialcaravan 
plugins,oik-weight-zone-shipping,9,bobbingwide,,1,officialcaravan 
plugins,oik-weight-zone-shipping-pro-0.1.0,1,,1,,officialcaravan 
plugins,oik-weightcountry-shipping-pro-v1.4.1,1,,1,,officialcaravan 
plugins,oik-wzs-rates,6,bobbingwide,,,officialcaravan 
plugins,really-simple-captcha,1,Takayuki Miyoshi,1,,officialcaravan 
plugins,rss-importer,1,wordpressdotorg,1,,officialcaravan 
plugins,spam-reg-check,4,,1,,officialcaravan 
plugins,user-spam-remover,1,Joel Hardi,1,,officialcaravan 
plugins,woocommerce-2.6.12,1,,1,,officialcaravan 
plugins,wordpress-mu-domain-mapping-renamed-again,1,,1,,officialcaravan 
plugins,wordpress-social-login,2,,1,1,officialcaravan 
plugins,hyperdb,1,,1,,oik-plugins.uk 
plugins,foobar,8,bobbingwide,1,,oikcom 
plugins,force-regenerate-thumbnails,4,Pedro Elsner,1,,oikcom 
plugins,jetpack-3.9.4,2,,1,,oikcom 
plugins,oik-batch-renamed,2,,1,,oikcom 
plugins,oik-bbpress-ren,2,,1,,oikcom 
plugins,oik-clone-20171114,2,,1,1,oikcom 
plugins,oik-cookie-list,5,bobbingwide,1,,oikcom 
plugins,oik-css-git-clone,2,,1,1,oikcom 
plugins,oik-edd,6,bobbingwide,,1,oikcom 
plugins,oik-infusionsoft,5,bobbingwide,1,,oikcom 
plugins,oik-requests,5,bobbingwide,1,,oikcom 
plugins,oik-thugin,3,bobbingwide,1,,oikcom 
plugins,oik-todo,5,bobbingwide,1,,oikcom 
plugins,oik-widget-cache,4,bobbingwide,,,oikcom 
plugins,oik-working-feedback,6,bobbingwide,1,,oikcom 
plugins,Shortcake,3,,1,,oikcom 
plugins,voce-widget-cache,3,John Ciacia Mark Parolisi,1,,oikcom 
plugins,wp-cli,5,,1,1,oikcom 
plugins,wp-super-cache,6,,1,,oikcom 
plugins,wpdb-alt,2,bobbingwide,1,,oikcom 
plugins,bobbing,7,bobbingwide,,,oikcouk 
plugins,oik-bwtrace-2.0.11,1,,1,,oikcouk 
plugins,play,3,bobbingwide,1,1,oikcouk 
plugins,add-paragraphs-option-to-text-widget,1,,1,,oikeu 
plugins,hello-dolly,5,,,,oikeu 
plugins,multi-site-plugins-add-new,1,,1,,oikeu 
plugins,multisite-cloner,3,Manuel Razzari Patricio Tarantino,1,,oikeu 
plugins,ns-cloner-site-copier,2,,1,,oikeu 
plugins,oik-batch-pregit,1,,1,,oikeu 
plugins,oik-presentation,6,bobbingwide,1,,oikeu 
plugins,oik-weight-zone-shipping-pro-v0.1.0,1,,1,,oikeu 
plugins,woocommerce-2.6,1,,1,,oikeu 
plugins,woocommerce-2.6.6,1,,1,,oikeu 
plugins,woocommerce-3.0,1,,1,,oikeu 
plugins,woocommerce-add-countries,3,Daniele De Santis,1,,oikeu 
plugins,Automattic-developer-57628b7,1,,1,,oobit 
plugins,developer-v1.0.0,1,,1,,oobit 
plugins,floating-admin-menu,1,Till Krüss,1,,oobit 
plugins,html5-slideshow-presentations,1,,1,,oobit 
plugins,monster-widget,1,Automattic,1,,oobit 
plugins,oik-book,1,bobbingwide,1,,oobit 
plugins,rewrite-rules-inspector,1,Daniel Bachhuber Automattic,1,,oobit 
plugins,sitepush,1,Mark Rowatt Anderson,1,,oobit 
plugins,user-switching,1,John Blackbourn,1,,oobit 
plugins,vip-scanner,1,Automattic (Original code by Pross Otto42 and Thorsten Ott),1,,oobit 
plugins,wp-video-lightbox,1,Ruhul Amin,1,,oobit 
plugins,add-linked-images-to-gallery-v01,1,,1,,ourlistenersclub 
plugins,bi2,1,,1,,ourlistenersclub 
plugins,bulk-move,1,Sudar,1,,ourlistenersclub 
plugins,directory,2,,1,,ourlistenersclub 
plugins,fff-cron-manager,1,,1,,ourlistenersclub 
plugins,oik-republish,2,bobbingwide,1,,ourlistenersclub 
plugins,paypal-framework,1,Aaron D. Campbell,1,,ourlistenersclub 
plugins,paypal-responder,1,,1,,ourlistenersclub 
plugins,wp-clean-up,1,BoLiQuan,1,,ourlistenersclub 
plugins,wp-crontrol,1,Edward Dale John Blackbourn,1,,ourlistenersclub 
plugins,wp-slimstat,3,Camu,1,,ourlistenersclub 
plugins,woocommerce-extra-charges-to-payment-gateways,2,,1,,owcs 
plugins,woocommerce-germanized,1,Vendidero,1,,owcs 
plugins,woocommerce-jetpack,2,Algoritmika Ltd,1,,owcs 
plugins,woocommerce-multilingual,2,,1,,owcs 
plugins,woocommerce-poor-guys-swiss-knife,2,Uli Hake,1,,owcs 
plugins,woocommerce-product-gift-wrap,2,Mike Jolley,1,,owcs 
plugins,woocommerce-quantity-increment,2,Automattic WooThemes,1,,owcs 
plugins,woocommerce-role-based-methods,2,WPBackOffice,1,,owcs 
plugins,woocommerce-smart-coupons,2,WooThemes,1,,owcs 
plugins,woocommerce-volume-discount-coupons,2,itthinx,1,,owcs 
plugins,woocommerce-wholesale-prices,2,,1,,owcs 
plugins,woocommerce-wholesale-prices-premium,2,,1,,owcs 
plugins,woosidebars,2,WooThemes,1,,owcs 
plugins,wpml-media,2,,1,,owcs 
plugins,wpml-string-translation,2,,1,,owcs 
plugins,wpml-translation-management,2,,1,,owcs 
plugins,oik-weight-zone-shipping-pro-v0.2.2,1,,1,,owzs-pro 
plugins,dropcaps-shortcodes-and-widget,1,,1,,phpunit 
plugins,oik-dropcap,2,bobbingwide,1,,phpunit 
plugins,simple-drop-cap,1,Yudhistira Mauris,1,,phpunit 
plugins,genesis-layout-extras,1,David Decker - DECKERWEB,1,,pretty 
plugins,wp-seo,1,Team Yoast,1,,pretty 
plugins,more-privacy-options,3,,1,,rathmorefinancial 
plugins,wordpress-mu-domain-mapping-qw,1,,1,,rathmorefinancial 
plugins,easy-instagram,1,VeloMedia,1,,rcwdcom 
plugins,gtrans,1,GTranslate,1,,rcwdcom 
plugins,oik-bwtrace-too-new-for-oik-2.5,1,,1,,rcwdcom 
plugins,popover,2,WPMU DEV,1,,rcwdcom 
plugins,recent-posts,2,Barry (Incsub),1,,rcwdcom 
plugins,simple-instagram,1,Aaron Speer,1,,rcwdcom 
plugins,smart-bbboing,2,bobbingwide,1,,rcwdcom 
plugins,wp-customer-reviews,1,Go Web Solutions,1,,rcwdcom 
plugins,wpremote,1,,1,1,rcwdcom 
plugins,oik-intouchcrm,2,bobbingwide,1,,rf 
plugins,webchemistry-core,1,Mark Edmunds,1,,rf 
plugins,webchemistry-googleplugin,1,Mark Edmunds,1,,rf 
plugins,webchemistry-heatmap,1,Mark Edmunds,1,,rf 
plugins,webchemistry-searchenginesettings,1,Mark Edmunds,1,,rf 
plugins,webchemistry-seoboost,1,Mark Edmunds,1,,rf 
plugins,webchemistry-shortcodes,1,Mark Edmunds,1,,rf 
plugins,wordpress-mu-domain-mapping-local,1,,1,,rf 
plugins,job-manager,2,Tom Townsend,1,,rjd 
plugins,menu-exporter,2,Joe Hoyle - Human Made Limited,1,,rjd 
plugins,ultimate-tinymce,3,,1,,rjd 
plugins,user-role-editor,3,Vladimir Garagulya,1,,rjd 
plugins,velvet-blues-update-urls,3,VelvetBlues.com,1,,rjd 
plugins,wordpress-php-info,1,Christopher Ross,1,,rjd 
plugins,wponlinebackup,3,Jason Woods @ Backup Technology,1,,rjd 
plugins,google-sitemap-plugin,2,BestWebSoft,1,,rjd2 
plugins,googleanalytics,3,Kevin Sylvestre,1,,rjd2 
plugins,resume-submissions-job-postings,1,,1,,rjd2 
plugins,timthumb-vulnerability-scanner,3,Peter Butler,1,,rjd2 
plugins,wp-job-manager,1,Mike Jolley,1,,rjd2 
plugins,oik-renamed,2,,1,,rjduk 
plugins,rjd,1,,1,,rjduk 
plugins,ultimate-tinymce-7,1,,1,,rjduk 
plugins,wp-spamfree-7,1,,1,,rjduk 
plugins,oik-2.5,1,,1,,rngs 
plugins,oik-bwtrace-2.0.6,1,,1,,rngs 
plugins,username-changer,1,Daniel J Griffiths,1,,rngs 
plugins,wp-email-login,2,,1,,rngs 
plugins,wp-google-maps,2,,1,,solentro 
plugins,bb-plugin,2,,1,,src 
plugins,css,2,,1,,src 
plugins,divi-builder,1,Elegant Themes,1,,src 
plugins,gcf,2,,1,,src 
plugins,gutenberg-2.0.0,1,,1,,src 
plugins,gutenberg-course,2,,1,,src 
plugins,jsforwp-blocks,2,Zac Gordon,1,,src 
plugins,oik-batch-pre-resolving-cd-problem,2,,1,1,src 
plugins,phpunit,3,,1,1,src 
plugins,restrict-shipping-classes,3,bobbingwide,1,,src 
plugins,shortcake-gutenberg,3,,1,,src 
plugins,wppompey,3,bobbingwide,1,,src 
plugins,mtouch-quiz,1,,1,,survive 
plugins,WordPress-Importer,3,,1,1,susancowemiller 
plugins,commentluv-premium,1,Andy Bailey,1,,symondson 
plugins,easy-nivo-slider,1,Phillip Bryan,1,,symondson 
plugins,fatpanda-facebook-comments,1,,1,,symondson 
plugins,image-widget,2,Modern Tribe Inc.,1,,symondson 
plugins,infusionsoft-web-tracker,1,,1,,symondson 
plugins,oik-content,2,,1,,symondson 
plugins,oik-thesis-featurebox,2,bobbingwide,1,,symondson 
plugins,really-simple-facebook-twitter-share-buttons,1,WhileTrue,1,,symondson 
plugins,share-and-follow,1,Andy Killen,1,,symondson 
plugins,shareaholic,2,Shareaholic,1,,symondson 
plugins,thank-me-later,1,,1,,symondson 
plugins,tweet-old-post,1,Ajay Matharu,1,,symondson 
plugins,vslider,1,Mr.Vibe,1,,symondson 
plugins,what-would-seth-godin-do,2,,1,,symondson 
plugins,zero_tolerance,1,,1,,symondson 
plugins,backupbuddy,2,Dustin Bolton,1,,symondson_internetMarketing 
plugins,cbnet-ping-optimizer,1,chipbennett,1,,symondson_internetMarketing 
plugins,commentluv,1,Andy Bailey,1,,symondson_internetMarketing 
plugins,dd-formmailer,1,Dagon Design,1,,symondson_internetMarketing 
plugins,duplicator,2,LifeInTheGrid,1,,symondson_internetMarketing 
plugins,easy-privacy-policy,1,Kevin Sparrow,1,,symondson_internetMarketing 
plugins,exec-php,1,S&ouml;ren Weber,1,,symondson_internetMarketing 
plugins,featured-content-gallery,1,,1,,symondson_internetMarketing 
plugins,feed-footer,1,Sherief Mursyidi,1,,symondson_internetMarketing 
plugins,infolinks-officlial-plugin,1,,1,,symondson_internetMarketing 
plugins,maintenance-mode,2,Michael Wöhrer,1,,symondson_internetMarketing 
plugins,quick-adsense,1,Philip Ze,1,,symondson_internetMarketing 
plugins,search-and-replace,1,Frank B&uuml;ltge,1,,symondson_internetMarketing 
plugins,seo-automatic-links,1,,1,,symondson_internetMarketing 
plugins,share-this,1,,1,,symondson_internetMarketing 
plugins,simple-tags,1,Amaury BALMER,1,,symondson_internetMarketing 
plugins,sitemap-generator,1,Dagon Design,1,,symondson_internetMarketing 
plugins,transposh-translation-filter-for-wordpress,1,,1,,symondson_internetMarketing 
plugins,tubepress,1,Eric D. Hough,1,,symondson_internetMarketing 
plugins,twitter-tools,2,Crowd Favorite,1,,symondson_internetMarketing 
plugins,twitter-tools-bitly-links,1,Viper007Bond,1,,symondson_internetMarketing 
plugins,ultimate-plugins-smart-update-pinger,1,Ultimate Plugins,1,,symondson_internetMarketing 
plugins,worldlogger-live-web-analytics,1,,1,,symondson_internetMarketing 
plugins,wp-db-backup,1,Austin Matzko,1,,symondson_internetMarketing 
plugins,wp-polls,1,Lester 'GaMerZ' Chan,1,,symondson_internetMarketing 
plugins,wp-postviews,1,Lester 'GaMerZ' Chan,1,,symondson_internetMarketing 
plugins,wp-print,1,Lester 'GaMerZ' Chan,1,,symondson_internetMarketing 
plugins,wp-responder-email-autoresponder-and-newsletter-plugin,1,,1,,symondson_internetMarketing 
plugins,WPRobot3,1,,1,,symondson_internetMarketing 
plugins,acf-options-page,1,Elliot Condon,1,,szerelmey 
plugins,aryo-activity-log,1,Yakir Sitbon Maor Chasen Ariel Klikstein,1,,szerelmey 
plugins,backupbuddy.hold,1,,1,,szerelmey 
plugins,backupcreator.hold,1,,1,,szerelmey 
plugins,better-recent-posts-widget,1,David Gewirtz,1,,szerelmey 
plugins,cookie-law-info,2,Richard Ashby,1,,szerelmey 
plugins,cool-timeline-pro,1,,1,,szerelmey 
plugins,custom-post-type-ui,2,WebDevStudios,1,,szerelmey 
plugins,dvteam,1,Egemenerd,1,,szerelmey 
plugins,featured-video-plus,1,Alexander Höreth,1,,szerelmey 
plugins,go_portfolio,1,Granth,1,,szerelmey 
plugins,options-framework,1,Devin Price,1,,szerelmey 
plugins,page-list,1,webvitaly,1,,szerelmey 
plugins,post-types-order,1,Nsp Code,1,,szerelmey 
plugins,simple-custom-css,1,John Regan Danny Van Kooten,1,,szerelmey 
plugins,site-icon-pro,1,Luca Spiller,1,,szerelmey 
plugins,soil,1,Roots,1,,szerelmey 
plugins,the-grid,1,Themeone,1,,szerelmey 
plugins,vc-extensions-bundle,1,,1,,szerelmey 
plugins,wp-custom-cssjs,1,,1,,szerelmey 
plugins,wp-google-maps-gold,1,WP Google Maps,1,,szerelmey 
plugins,wp-google-maps-pro,1,WP Google Maps,1,,szerelmey 
plugins,wp-rocket,1,WP Media,1,,szerelmey 
plugins,wp-smushit.hold,1,,1,,szerelmey 
plugins,CMB2,1,,1,1,tags 
plugins,wysija-newsletters,4,,1,,tags 
plugins,mad-mimi-broken,1,,1,,therealc 
plugins,sociable-broken,1,,1,,therealc 
plugins,genesis-enews-extended,1,,1,,wholebeingwellbeing 
plugins,.git,1,,1,,wordpress 
plugins,27918,1,bobbingwide,1,,wordpress 
plugins,admin,1,,1,,wordpress 
plugins,backup-qw,1,,1,,wordpress 
plugins,botnet,1,,1,,wordpress 
plugins,bs8484,1,bobbingwide,1,,wordpress 
plugins,bugrit,2,,1,,wordpress 
plugins,cli,1,,1,,wordpress 
plugins,climate,1,,1,,wordpress 
plugins,colours2woo,1,,1,,wordpress 
plugins,commentason,1,bobbingwide,1,,wordpress 
plugins,dtib-review,2,bobbingwide,1,,wordpress 
plugins,effort,1,bobbingwide,1,,wordpress 
plugins,g-c-w,1,,1,,wordpress 
plugins,g-pre-g,1,,1,,wordpress 
plugins,genesis-header-nav-develop,1,,1,,wordpress 
plugins,getver,1,,1,,wordpress 
plugins,GlotPress-WP,1,,1,,wordpress 
plugins,hello,2,,1,1,wordpress 
plugins,iphone-images,1,,1,,wordpress 
plugins,issue-49,1,,1,,wordpress 
plugins,kate,1,bobbingwide,1,,wordpress 
plugins,log-urgh,1,,1,,wordpress 
plugins,my-plugin,1,,1,1,wordpress 
plugins,myplugins,1,,1,,wordpress 
plugins,OAuth1,1,,1,,wordpress 
plugins,oik-adr,1,bobbingwide,1,,wordpress 
plugins,oik-api,1,,1,,wordpress 
plugins,oik-business,1,bobbingwide,1,,wordpress 
plugins,oik-bwtrace.php,1,,1,,wordpress 
plugins,oik-cartcountry-shipping,1,bobbingwide,1,,wordpress 
plugins,oik-child-theme,1,bobbingwide,1,,wordpress 
plugins,oik-clone-wxr,1,bobbingwide,1,,wordpress 
plugins,oik-cookie-law,1,bobbingwide,1,,wordpress 
plugins,oik-css-broken-1029,1,,1,,wordpress 
plugins,oik-downloads,1,bobbingwide,1,,wordpress 
plugins,oik-external-link-warning-pregit,1,,1,,wordpress 
plugins,oik-getimage,1,,1,,wordpress 
plugins,oik-html-importer,1,bobbingwide,1,,wordpress 
plugins,oik-html2markdown,1,bobbingwide,1,,wordpress 
plugins,oik-i18n,1,bobbingwide,,1,wordpress 
plugins,oik-jquery,1,,1,,wordpress 
plugins,oik-l10n,1,,1,,wordpress 
plugins,oik-mailchimp,1,,1,,wordpress 
plugins,oik-make,1,,1,,wordpress 
plugins,oik-money,1,bobbingwide,1,,wordpress 
plugins,oik-options,1,bobbingwide,1,,wordpress 
plugins,oik-payments,1,bobbingwide,1,,wordpress 
plugins,oik-pgs,1,bobbingwide,1,,wordpress 
plugins,oik-policies,1,,1,,wordpress 
plugins,oik-privacy-policy.php,1,,1,,wordpress 
plugins,oik-pro,1,bobbingwide,1,,wordpress 
plugins,oik-rewrite,1,bobbingwide,1,,wordpress 
plugins,oik-shutdown,1,,1,,wordpress 
plugins,oik-signup-user-notification,1,,1,,wordpress 
plugins,oik-squeeze-pregit,1,,1,,wordpress 
plugins,oik-syndicate,1,bobbingwide,1,,wordpress 
plugins,oik-tip,1,bobbingwide,,,wordpress 
plugins,oik-woo,3,bobbingwide,1,,wordpress 
plugins,oik-wzs-rates-pregit,1,,1,,wordpress 
plugins,oik-zip,1,bobbingwide,,,wordpress 
plugins,oldplay,2,,1,,wordpress 
plugins,oobar,2,bobbingwide,,,wordpress 
plugins,opcache,1,,1,,wordpress 
plugins,owzs-pro,1,,1,,wordpress 
plugins,php71-fixes,1,,1,1,wordpress 
plugins,php72-fixes,1,,1,1,wordpress 
plugins,play-rel1,2,,1,,wordpress 
plugins,play-rel2,2,,1,,wordpress 
plugins,plugin-dependencies,1,scribu,1,,wordpress 
plugins,PostMeta,1,,1,,wordpress 
plugins,premium-plugins,1,bobbingwide,1,,wordpress 
plugins,relocateme,1,,1,,wordpress 
plugins,sample,1,,1,,wordpress 
plugins,shortcode-ui,3,Fusion Engineering and community,1,,wordpress 
plugins,sitemap-redirect,1,,1,,wordpress 
plugins,slog,1,bobbingwide,,,wordpress 
plugins,sql-csv,1,,1,,wordpress 
plugins,storm10,1,Herb,1,,wordpress 
plugins,tennis,1,bobbingwide,1,,wordpress 
plugins,test-41257,1,,1,1,wordpress 
plugins,testapi,1,,1,,wordpress 
plugins,tides,1,,1,,wordpress 
plugins,twentytwelve-copied-from-theme,1,,1,,wordpress 
plugins,txt2md,1,bobbingwide,,,wordpress 
plugins,unserialize,1,,1,,wordpress 
plugins,woocommerce-currency-switcher,1,,1,,wordpress 
plugins,woocommerce-uk-counties,1,Lee Willis,1,,wordpress 
plugins,wordpress-develop-tests-svn-symlink,1,,1,,wordpress 
plugins,wp-browscap,1,,1,,wordpress 
plugins,wp-downloads,1,,1,,wordpress 
plugins,WP-Parser,2,Ryan McCue Paul Gibbs Andrey Rarst Savchenko and Contributors,1,,wordpress 
plugins,y,1,,1,,wordpress 
plugins,z,1,bobbingwide,1,,wordpress 
plugins,jetpack-renamed,1,,1,1,wp-a2z 
plugins,wp-migrate-db-0.9,1,,1,,wp-a2z 
plugins,BuddyPress,1,,1,1,wp-pompey 
plugins,welcome-pack,1,Paul Gibbs,1,,wp-pompey 
plugins,wp-geo,1,Ben Huson,1,,wp-pompey 
plugins,better-wp-security,1,Bit51.com,1,,wp34 
plugins,editorial-calendar,1,,1,,wp34 
plugins,played,1,,1,,wp34 
plugins,sf-author-url-control,1,Grégory Viguier,1,,wp34 
plugins,import-html-pages,1,,1,,wp35 
plugins,link-manager,1,WordPress,1,,wp35 
plugins,members,2,Justin Tadlock,1,,wp35 
plugins,oa-social-login,1,Claude Schlesser,1,,wp35 
plugins,user-photo,1,Weston Ruter,1,,wp35 
plugins,wordpress-simple-survey,1,,1,,wp35 
plugins,wp-memory-usage,1,Alex Rabe,1,,wp35 
plugins,all-in-one-favicon,1,Arne Franken,1,,wp47 
plugins,Basic-Auth-master,1,,1,,wp47 
plugins,custom-metadata,1,,1,,wp47 
plugins,email-as-username-for-wp-members,1,New Tribes Mission (Stephen Narwold),1,,wp47 
plugins,groups,1,itthinx,1,,wp47 
plugins,health-check,1,The WordPress.org community,1,,wp47 
plugins,inc,1,,1,,wp47 
plugins,my-wp-health-check,1,,1,,wp47 
plugins,OAuth1-master,1,,1,,wp47 
plugins,oik-bwtrace-2.0.12,1,,1,,wp47 
plugins,oik-cmb,1,bobbingwide,1,1,wp47 
plugins,oik-user-v0.5,1,,1,,wp47 
plugins,pods,2,,1,,wp47 
plugins,public-post-preview,1,Dominik Schilling,1,,wp47 
plugins,push-syndication,1,Automattic,1,,wp47 
plugins,shareadraft,1,Nikolay Bachiyski,1,,wp47 
plugins,shareadraft-master,1,,1,,wp47 
plugins,shipping-awd,1,Andy_P (modified by Mantish to make it state based),1,,wp47 
plugins,simple-preview,1,Gabriel Nagmay,1,,wp47 
plugins,spam-destroyer,1,,1,,wp47 
plugins,testimonials-by-woothemes,1,,1,,wp47 
plugins,woocommerce-2.5.2,1,,1,,wp47 
plugins,woocommerce-weight-country-based-shipping,1,,1,,wp47 
plugins,wordpress-security-lab,1,eConsultants.it Ltd,1,,wp47 
plugins,youtube_oembed_fix,1,bobbingwide,1,,wp47 
plugins,actions,1,,1,,wpit 
plugins,cornerstone,1,,1,,wpit 
plugins,oik-3.0.2,1,,1,,wpit 
plugins,shortcode-reference,1,,1,,wpit 
plugins,acf,1,Elliot Condon,1,,wpms 
plugins,advanced-custom-fields-v4.3.9,1,,1,,wpms 
plugins,advanced-theme-switcher,1,Paul Menard (Incsub),1,,wpms 
plugins,cloner,1,WPMU DEV,1,,wpms 
plugins,contact-form,1,AdamGold,1,,wpms 
plugins,custom-content-type-manager,1,,1,1,wpms 
plugins,custompress,1,,1,,wpms 
plugins,e-newsletter,1,WPMUDEV,1,,wpms 
plugins,edd,1,Bobbing Wide Pippin Williamson,1,,wpms 
plugins,gravity-forms-custom-post-types,1,,1,,wpms 
plugins,ml-slider,1,Matcha Labs,1,,wpms 
plugins,multisite-content-copier,1,WPMU DEV,1,,wpms 
plugins,oik-bwtracev2.0.12,1,,1,,wpms 
plugins,oik-f,1,,1,,wpms 
plugins,oik-fields-ren,1,,1,,wpms 
plugins,oik-ms-renamed,1,,1,,wpms 
plugins,oik-nivo-slider-1.3,1,,1,,wpms 
plugins,oik-rwd-ren,1,,1,,wpms 
plugins,oik-sc-help-renamed,1,,1,,wpms 
plugins,oik-types-1.6,1,,1,,wpms 
plugins,recent-global-posts-widget,1,,1,,wpms 
plugins,remember-me-checked,1,Aaron Edwards (for Incsub),1,,wpms 
plugins,saved_plugins,1,,1,,wpms 
plugins,slide-in,1,,1,,wpms 
plugins,wp-smush-pro,1,,1,,wpms 
plugins,wpmu-dev-plusone,1,,1,,wpms 
plugins,aqua-page-builder,1,,1,,wporg 
plugins,oik-wcs-renamed,1,,1,,wporg 
plugins,paypal-pro,1,WooThemes,1,,wporg 
plugins,themes,1,,1,,wporg 
plugins,slideshow-manager,1,,1,,wws 
plugins,wp-simple-rss-feed-reader,1,Viancen,1,,wws 
plugins,acf-repeater,1,Elliot Condon,1,,yellowbrand 
plugins,advanced-custom-fields-fucked,1,,1,,yellowbrand 
plugins,google-map-shortcode,1,Alain Gonzalez,1,,yellowbrand 
plugins,gravityformsmailchimp,1,,1,,yellowbrand 
plugins,my-page-order,1,,1,,yellowbrand 
plugins,page-tree,1,,1,,yellowbrand 
plugins,slickr-flickr,1,Russell Jamieson,1,,yellowbrand 
plugins,social,1,Crowd Favorite,1,,yellowbrand 
plugins,subpages-widget,1,,1,,yellowbrand 
plugins,subscribe2,1,Matthew Robinson,1,,yellowbrand 
plugins,taxonomy-widget,1,Michael Fields,1,,yellowbrand 
plugins,wordpress-custom-post-type-archive,1,,1,,yellowbrand 
plugins,wpgmappity,1,,1,,yellowbrand 
themes,.idea,2,,1,,. 
themes,altitude-pro,3,,1,,. 
themes,bag2013,3,,1,,. 
themes,elitist,1,,1,,. 
themes,genesis,31,,,,. 
themes,genesis-2.1.3,1,,1,,. 
themes,genesis-2.2.0,1,,1,,. 
themes,oik2012,7,,1,,. 
themes,oik20120,5,,1,,. 
themes,omg,1,,1,,. 
themes,rf0122,1,,1,,. 
themes,rjdap,2,,1,,. 
themes,simplest,1,,1,,. 
themes,storefront,4,,1,,. 
themes,twentyeleven,57,,1,,. 
themes,twentyfifteen,43,,1,,. 
themes,twentyfourteen,51,,1,,. 
themes,twentyseventeen,26,,1,,. 
themes,twentysixteen,23,,1,,. 
themes,twentyten,56,,1,,. 
themes,twentythirteen,53,,1,,. 
themes,twentytwelve,57,,1,,. 
themes,wpg0216,4,,1,,. 
themes,wpg0216bp,2,,1,,. 
themes,act1103,2,,1,,achoired-taste 
themes,act0402,1,,1,,act 
themes,act0404,1,,1,,act 
themes,act0408,1,,1,,act 
themes,act0408a,1,,1,,act 
themes,aldworth,1,,1,,aldworth 
themes,aldworth0628,1,,1,,aldworth 
themes,Avada,1,,1,,aldworth 
themes,constructzine-lite,1,,1,,aldworth 
themes,hsoh0914,4,,1,,andrea 
themes,hsoh0914a,4,,1,,andrea 
themes,aumabs0402a,1,,1,,aumabs 
themes,aumabs0402b,1,,1,,aumabs 
themes,aumabs0403,1,,1,,aumabs 
themes,aumabs0417,1,,1,,aumabs 
themes,aumabs0425,2,,1,,aumabs 
themes,aumabs0507,2,,1,,aumabs 
themes,custom-community,1,,1,,aumabs 
themes,goodtheme-lead,1,,1,,aumabs 
themes,personaltrainer,2,,1,,aumabs 
themes,bba0605,1,,1,,balancingbyart 
themes,bba0615,1,,1,,balancingbyart 
themes,bba0622,1,,1,,balancingbyart 
themes,bba0720c,2,,1,,balancingbyart 
themes,bcs0313,1,,1,,bettercorestrength 
themes,bcs0313c,1,,1,,bettercorestrength 
themes,destro,1,,1,,bettercorestrength 
themes,dkret3,1,,1,,bettercorestrength 
themes,nuance-v1.2.3,1,,1,,bettercorestrength 
themes,pinboard,1,,1,,bettercorestrength 
themes,rockstar,1,,1,,bettercorestrength 
themes,spartan,1,,1,,bettercorestrength 
themes,survive0310,4,,1,,bettercorestrength 
themes,genesis-SB,3,,,,bigram 
themes,air-balloon-lite,1,,1,,bigram-renamed 
themes,pictorico,1,,1,,bigram-renamed 
themes,sb0515,2,,1,,bigram-renamed 
themes,bwdesign1028,3,,1,,blogbbf 
themes,bwwow1130,2,,1,,blogbbf 
themes,bwwow1203,2,,1,,blogbbf 
themes,classic,5,,1,,blogbbf 
themes,cwiccer1207,3,,1,,blogbbf 
themes,default,5,,1,,blogbbf 
themes,gsph1103,1,,1,,blogbbf 
themes,pob1028,1,,1,,blogbbf 
themes,sb1028,1,,1,,blogbbf 
themes,sb2010,1,,1,,blogbbf 
themes,sb2010_wm,1,,1,,blogbbf 
themes,theme465,1,,1,,blogbbf 
themes,broad-builders,1,,1,,broad-builders 
themes,bw2013,4,,1,,bwcom 
themes,bw20131004,2,,1,,bwcom 
themes,genesis-bw,3,,,,bwcom 
themes,no-sidebar-pro,2,,1,,bwcom 
themes,parallax-pro,5,,1,,bwcom 
themes,workstation-pro,2,,1,,bwcom 
themes,amazing-times,2,,1,,bwdesign 
themes,bg-mobile-first,2,,1,,bwdesign 
themes,bwblogwordpress,2,,1,,bwdesign 
themes,bwdesign0622,1,,1,,bwdesign 
themes,bwdesign0715,1,,1,,bwdesign 
themes,bwdesign0830,1,,1,,bwdesign 
themes,bwdesign0830c,1,,1,,bwdesign 
themes,diligent,1,,1,,bwdesign 
themes,Engage,2,,1,,bwdesign 
themes,freprotheme,1,,1,,bwdesign 
themes,genesis-a2z,4,,,1,bwdesign 
themes,genesis-broken,1,,1,,bwdesign 
themes,genesis-hm,5,,,,bwdesign 
themes,genesis-odea,3,,1,,bwdesign 
themes,genesis-oik,14,,,1,bwdesign 
themes,journal,2,,1,,bwdesign 
themes,minimalist-pro,2,,1,,bwdesign 
themes,novo,1,,1,,bwdesign 
themes,one-pager-genesis-master,1,,1,,bwdesign 
themes,twenty-seven-pro,2,,1,,bwdesign 
themes,ccd1001,1,,1,,classic 
themes,ccd1001c,1,,1,,classic 
themes,cjw0118,2,,1,,coaching2inspire 
themes,cjw20160315,2,,1,,coaching2inspire 
themes,cjw20160316,1,,1,,coaching2inspire 
themes,royal,1,,1,,colours 
themes,cc0512,1,,1,,cookie-cat 
themes,genesis-cc0512,1,,,,cookie-cat 
themes,hm140702,2,,1,,cwiccer 
themes,rf0510c,3,,1,,cwiccer 
themes,dws,1,,,,dealwithstress 
themes,rmt4dws,1,,1,,dealwithstress 
themes,dws2016,2,,1,,dws 
themes,dws2016-original,1,,1,,dws 
themes,dwscomlaytfh,1,,1,,dws 
themes,edw0112,2,,1,,edw 
themes,edw0114,1,,1,,edw 
themes,edw0121,1,,1,,edw 
themes,edw0125,1,,1,,edw 
themes,edw0203,1,,1,,edw 
themes,edw0616,1,,1,,edw 
themes,edw0911,1,,1,,edw 
themes,edge1117,1,,1,,eedge 
themes,edge1117c,1,,1,,eedge 
themes,edge1202,1,,1,,eedge 
themes,edge120201,3,,1,,eedge 
themes,edge120201c,3,,1,,eedge 
themes,edge1202c,1,,1,,eedge 
themes,eft0621,2,,1,,eft 
themes,eft0712,2,,1,,eft 
themes,eft1009,2,,1,,eft 
themes,eft1017,2,,1,,eft 
themes,eft1018,2,,1,,eft 
themes,eft1018r,2,,1,,eft 
themes,heft0204,1,,1,,eft 
themes,heft0205,2,,1,,eft 
themes,heft1229,1,,1,,eft 
themes,heft1229c,2,,1,,eft 
themes,heft1229gc,1,,1,,eft 
themes,architecture,1,,1,,engarc 
themes,architecture-v1-04,1,,1,,engarc 
themes,eoci0112,3,,1,,eoci 
themes,sds_2012,1,,1,,eoci 
themes,fsp0114,1,,1,,fsp 
themes,lalu1223,2,,1,,fsp 
themes,gdwifa,1,,,,gdwifa 
themes,gdwifa20140303,2,,1,,gdwifa 
themes,genesis-gdw,2,,1,,gdwifa 
themes,gta0422,1,,1,,gtate 
themes,gta0614,1,,1,,gtate 
themes,gta0621,1,,1,,gtate 
themes,gta0722c,2,,1,,gtate 
themes,Builder-Cohen,1,,1,,hallsgs 
themes,Builder-Madison,1,,1,,hallsgs 
themes,Builder-Paige,1,,1,,hallsgs 
themes,genesis-2.2.7,1,,1,,hallsgs 
themes,genesis-hehall,1,,,,hallsgs 
themes,siteground-wp23,1,,1,,hallsgs 
themes,siteground-wp63,1,,1,,hallsgs 
themes,siteground-wp73,1,,1,,hallsgs 
themes,Universe,1,,1,,hallsgs 
themes,World,1,,1,,hallsgs 
themes,eft121212,2,,1,,hampshire-eft 
themes,eft20140523,1,,1,,hampshire-eft 
themes,eft20140523-qw,1,,1,,hampshire-eft 
themes,eft20140527,3,,1,,hampshire-eft 
themes,scr0909,3,,1,,hampshire-eft 
themes,sorbet,2,,1,,hampshire-eft 
themes,superhero,1,,1,,hampshire-eft 
themes,genesis-hms,1,,1,,handmadestudios 
themes,hms0820,2,,1,,handmadestudios 
themes,hms0826,2,,1,,handmadestudios 
themes,hms0906,2,,1,,handmadestudios 
themes,hms0907,2,,1,,handmadestudios 
themes,sh0412,1,,1,,happystevehook 
themes,shell-lite,1,,1,,happystevehook 
themes,DailyJournal,3,,1,,hifianswers 
themes,dailyjournal-olc,3,,1,,hifianswers 
themes,Corporative,1,,1,,hm 
themes,Corporative-child,1,,1,,hm 
themes,genesis-v2.2.6,2,,1,,hm 
themes,hm120129,3,,1,,hm 
themes,hm120206,4,,1,,hm 
themes,hm120206c,4,,1,,hm 
themes,hsoh0922,4,,1,,hosh 
themes,hsoh0928bp,3,,1,,hosh 
themes,hsoh1027bp,4,,1,,hosh 
themes,BlueMist,2,,1,,janecoomb 
themes,Feather,2,,1,,janecoomb 
themes,InterPhase,2,,1,,janecoomb 
themes,PureType,2,,1,,janecoomb 
themes,responsive,1,,1,,janecoomb 
themes,Trim,2,,1,,janecoomb 
themes,cjw1118,1,,1,,jtth 
themes,cjw1123,1,,1,,jtth 
themes,cjw1123c,1,,1,,jtth 
themes,cjw1124,1,,1,,jtth 
themes,cjw1128,1,,1,,jtth 
themes,cjw1128c,1,,1,,jtth 
themes,pcs1013,1,,1,,jtth 
themes,lalu0915,1,,1,,lalucouk 
themes,Magnificent,1,,1,,lfd4u 
themes,retro-fitted,1,,1,,lfd4u 
themes,retro-fitted-child,1,,1,,lfd4u 
themes,Artisteer41,3,,1,,oikcom 
themes,oik0808,3,,1,,oikcom 
themes,oik0819c,3,,1,,oikcom 
themes,oik0917t,4,,1,,oikcom 
themes,oik0918,3,,1,,oikcom 
themes,oik310816,5,,1,,oikcom 
themes,oik310816c,4,,1,,oikcom 
themes,oik410130,4,,1,,oikcom 
themes,oik410130-1.1,2,,1,,oikcom 
themes,oik410130c,4,,1,,oikcom 
themes,oik410130c-1.1,2,,1,,oikcom 
themes,oik410923,4,,1,,oikcom 
themes,oik120815,1,,1,,oikcouk 
themes,attitude,1,,1,,oikeu 
themes,nivo2011,5,,1,,oikeu 
themes,oobit,6,,1,,oikeu 
themes,vantage,2,,1,,oikeu 
themes,dailyjournal-olc2.3,1,,1,,olc 
themes,DailyJournal2.3,2,,1,,olc 
themes,olc0618,2,,1,,olc 
themes,olc120815,2,,1,,olc 
themes,olc120815c,3,,1,,olc 
themes,oobit-extras,1,,1,,oobit 
themes,alver0620,1,,1,,ourlistenersclub 
themes,DailyJournal2.4,1,,1,,ourlistenersclub 
themes,genesis-image,6,,,1,pretty 
themes,genesis-paap,2,,1,,pretty 
themes,breakpoint,1,,1,,pwaep 
themes,in-the-beginning,1,,1,,pwaep 
themes,Nominal,1,,1,,pwaep 
themes,maximus,2,,1,,rathmorefinancial 
themes,maximus-rf,2,,1,,rathmorefinancial 
themes,rf0202,2,,1,,rathmorefinancial 
themes,rf0227,2,,1,,rathmorefinancial 
themes,rf0227c,2,,1,,rathmorefinancial 
themes,rf0311,5,,1,,rathmorefinancial 
themes,rf0311c,4,,1,,rathmorefinancial 
themes,rf0403,2,,1,,rathmorefinancial 
themes,rf0403c,2,,1,,rathmorefinancial 
themes,rf0510,2,,1,,rathmorefinancial 
themes,act0331,1,,1,,rcwdcom 
themes,bag2013-v0.1,2,,1,,rcwdcom 
themes,eps0906,1,,1,,rcwdcom 
themes,fabt120330,1,,1,,rcwdcom 
themes,gkz1116,1,,1,,rcwdcom 
themes,japics1102,2,,1,,rcwdcom 
themes,li020226,1,,1,,rcwdcom 
themes,mdt1209,1,,1,,rcwdcom 
themes,oobit v1.0,1,,1,,rcwdcom 
themes,pcs0809,1,,1,,rcwdcom 
themes,pcs0822,1,,1,,rcwdcom 
themes,pcs1003,1,,1,,rcwdcom 
themes,phoenix0516,1,,1,,rcwdcom 
themes,rcgc0318,1,,1,,rcwdcom 
themes,rcgc0818,1,,1,,rcwdcom 
themes,rcr0725,2,,1,,rcwdcom 
themes,rctc0130,2,,1,,rcwdcom 
themes,rcwd0415,1,,1,,rcwdcom 
themes,s2s0515,2,,1,,rcwdcom 
themes,s2s0515c,2,,1,,rcwdcom 
themes,st0515,1,,1,,rcwdcom 
themes,tl0515,1,,1,,rcwdcom 
themes,yellow0117,1,,1,,rcwdcom 
themes,centita,3,,1,,rjd 
themes,centita3.0,2,,1,,rjd 
themes,centita30c,2,,1,,rjd 
themes,rjdap-0.0.3,1,,1,,rjd 
themes,rjdap-clone,1,,1,,rjd 
themes,__MACOSX,1,,1,,rjduk 
themes,centita3.0-7,1,,1,,rjduk 
themes,centita30c-7,1,,1,,rjduk 
themes,genesis-2.2.6,1,,1,,rjduk 
themes,imbalance,1,,1,,rjduk 
themes,modernbloggerpro,1,,1,,rjduk 
themes,rjdpp,1,,1,,rjduk 
themes,rngs0414,3,,1,,rngs 
themes,rngs0414c,3,,1,,rngs 
themes,rngs0721,2,,1,,rngs 
themes,rngs0721-ren,1,,1,,rngs 
themes,rngs0721-wtf,1,,1,,rngs 
themes,rngs0721c,2,,1,,rngs 
themes,rngs0827,2,,1,,rngs 
themes,sol121012,2,,1,,solentro 
themes,sol121012c,2,,1,,solentro 
themes,sol150508,2,,1,,solentro 
themes,Divi,1,,1,,src 
themes,wp-pompey,3,,1,,src 
themes,survive1210,2,,1,,survive 
themes,trcg120403,3,,1,,susancowemiller 
themes,trcg120403c,3,,1,,susancowemiller 
themes,symondson0903,1,,1,,symondson 
themes,symondson0903c,1,,1,,symondson 
themes,thesis_16,1,,1,,symondson 
themes,lifestyle,1,,1,,symondson_internetMarketing 
themes,szerelmey,1,,1,,szerelmey 
themes,genesis-tags,2,,,,tags 
themes,atahualpa,1,,1,,wholebeingwellbeing 
themes,genesis-sample,1,,1,,wholebeingwellbeing 
themes,genesis-wbwb,1,,1,,wholebeingwellbeing 
themes,wbwb20141021,2,,1,,wholebeingwellbeing 
themes,_oik,1,,1,,wordpress 
themes,2014,1,,1,,wordpress 
themes,2015,1,,1,,wordpress 
themes,2016,1,,1,,wordpress 
themes,aumabs0507c,1,,1,,wordpress 
themes,aumabs0520c,1,,1,,wordpress 
themes,bag2013-0616,1,,1,,wordpress 
themes,bag2013-0626,1,,1,,wordpress 
themes,bag2013-saved,1,,1,,wordpress 
themes,bwdesign120209,1,,1,,wordpress 
themes,bwdesign120209c,1,,1,,wordpress 
themes,bwwow111120,1,,1,,wordpress 
themes,cjw20160316w,1,,1,,wordpress 
themes,eie120910c,2,,1,,wordpress 
themes,genesis-aati,1,,1,,wordpress 
themes,genesis-image-pregit,1,,1,,wordpress 
themes,jquery-UI,1,,1,,wordpress 
themes,jquery-ui-1.12.1.custom,1,,1,,wordpress 
themes,jquery-ui-themes-1.12.1,1,,1,,wordpress 
themes,oik0917,1,,1,,wordpress 
themes,oik0917c,1,,1,,wordpress 
themes,oik0917r,1,,1,,wordpress 
themes,oik0917s,1,,1,,wordpress 
themes,oik120206,1,,1,,wordpress 
themes,oik120206c,1,,1,,wordpress 
themes,oik310816c-buggered,1,,1,,wordpress 
themes,oik401126,1,,1,,wordpress 
themes,oik401126-art4,1,,1,,wordpress 
themes,oik410326,2,,1,,wordpress 
themes,oik410923c,1,,1,,wordpress 
themes,oik420130,1,,1,,wordpress 
themes,oik420130lm,1,,1,,wordpress 
themes,oik420130wp,1,,1,,wordpress 
themes,olc130611,1,,1,,wordpress 
themes,psc0211,1,,1,,wordpress 
themes,style,1,,1,,wordpress 
themes,survive0310-art4,1,,1,,wordpress 
themes,survive1120,2,,1,,wordpress 
themes,t10scom0201,1,,1,,wordpress 
themes,t10scom120128,1,,1,,wordpress 
themes,thematic,1,,1,,wordpress 
themes,trcg121026,1,,1,,wordpress 
themes,trtc0104,1,,1,,wordpress 
themes,trtc0212,1,,1,,wordpress 
themes,trtc0225,1,,1,,wordpress 
themes,trtc0225c,1,,1,,wordpress 
themes,trtc1230,1,,1,,wordpress 
themes,Untitled,1,,1,,wordpress 
themes,twentyfifteen-v1.7,1,,1,,wp-a2z 
themes,twentysixteen-symlinked-gitted,1,,1,,wp-a2z 
themes,bp-default,2,,1,,wp-pompey 
themes,p2,1,,1,,wp-pompey 
themes,wpg0216bp-renamed,1,,1,,wp-pompey 
themes,bp1027,1,,1,,wp33 
themes,hsoh0922bp,1,,1,,wp33 
themes,hsoh1015,1,,1,,wp33 
themes,boldy,1,,1,,wp34 
themes,business-lite,1,,1,,wp34 
themes,eie120910,1,,1,,wp34 
themes,frantic,1,,1,,wp34 
themes,Innova,1,,1,,wp34 
themes,sh0612,1,,1,,wp34 
themes,asteria-lite,1,,1,,wp47 
themes,blackbird,1,,1,,wp47 
themes,blackbirdtheme-trial,1,,1,,wp47 
themes,match,1,,1,,wp47 
themes,mystile,1,,1,,wp47 
themes,nivoblackbird,1,,1,,wp47 
themes,nuance-v1.2.4,1,,1,,wp47 
themes,t40,1,,1,,wp47 
themes,wonderflux,1,,1,,wp47 
themes,minn-lite,1,,1,,wpit 
themes,aventurine,1,,1,,wpms 
themes,dtib0601,1,,1,,wpms 
themes,dtib0601a,1,,1,,wpms 
themes,dtib0723a,1,,1,,wpms 
themes,genesis-2.2.3,1,,1,,wpms 
themes,pcs20141209,1,,1,,wpms 
themes,sleekphoto,1,,1,,wpms 
themes,twentyeleven-2.1,1,,1,,wpms 
themes,uf-scribe,1,,1,,wpms 
themes,uf-spirit,1,,1,,wpms 
themes,upfront,1,,1,,wpms 
themes,Martha,1,,1,,wporg 
themes,Martha1,1,,1,,wporg 
themes,wporg-developer,1,,1,,wporg 
themes,etiquette-wp,1,,1,,wws 
themes,yellowbrand,1,,1,,yellowbrand 
themes,yellowbrand-oik,1,,1,,yellowbrand 
Totals,,1174,,4009,
